mandi_name,yr,month_num,avg_price,avg_price_last_year,yoy_change_rs,yoy_change_pct,days_this_year,days_last_year
Bhusaval APMC,2025,1,1769.0,,,,26,
Bhusaval APMC,2026,1,1074.0,1769.0,-695.0,-39.3,27,26.0
Bhusaval APMC,2025,2,2119.0,,,,21,
Bhusaval APMC,2026,2,1067.0,2119.0,-1052.0,-49.7,24,21.0
Bhusaval APMC,2025,3,1567.0,,,,24,
Bhusaval APMC,2026,3,800.0,1567.0,-767.0,-48.9,24,24.0
Bhusaval APMC,2025,4,1216.0,,,,25,
Bhusaval APMC,2026,4,840.0,1216.0,-376.0,-30.9,25,25.0
Bhusaval APMC,2025,5,1092.0,,,,26,
Bhusaval APMC,2026,5,800.0,1092.0,-292.0,-26.8,26,26.0
Bhusaval APMC,2024,6,2296.0,,,,24,
Bhusaval APMC,2025,6,1100.0,2296.0,-1196.0,-52.1,25,24.0
Bhusaval APMC,2026,6,1117.0,1100.0,17.0,1.5,24,25.0
Bhusaval APMC,2024,7,2604.0,,,,26,
Bhusaval APMC,2025,7,1028.0,2604.0,-1576.0,-60.5,25,26.0
Bhusaval APMC,2025,8,1068.0,,,,25,
Bhusaval APMC,2024,9,3694.0,,,,18,
Bhusaval APMC,2025,9,929.0,3694.0,-2765.0,-74.8,24,18.0
Bhusaval APMC,2024,10,3536.0,,,,25,
Bhusaval APMC,2025,10,973.0,3536.0,-2563.0,-72.5,22,25.0
Bhusaval APMC,2024,11,3114.0,,,,22,
Bhusaval APMC,2025,11,1185.0,3114.0,-1929.0,-62.0,26,22.0
Bhusaval APMC,2024,12,2821.0,,,,24,
Bhusaval APMC,2025,12,954.0,2821.0,-1867.0,-66.2,24,24.0
Chattrapati Sambhajinagar APMC,2025,1,1727.0,,,,26,
Chattrapati Sambhajinagar APMC,2026,1,1030.0,1727.0,-697.0,-40.4,25,26.0
Chattrapati Sambhajinagar APMC,2025,2,1746.0,,,,19,
Chattrapati Sambhajinagar APMC,2026,2,873.0,1746.0,-873.0,-50.0,21,19.0
Chattrapati Sambhajinagar APMC,2025,3,1287.0,,,,25,
Chattrapati Sambhajinagar APMC,2026,3,761.0,1287.0,-527.0,-40.9,25,25.0
Chattrapati Sambhajinagar APMC,2025,4,844.0,,,,23,
Chattrapati Sambhajinagar APMC,2026,4,595.0,844.0,-249.0,-29.5,25,23.0
Chattrapati Sambhajinagar APMC,2025,5,729.0,,,,24,
Chattrapati Sambhajinagar APMC,2026,5,532.0,729.0,-198.0,-27.1,26,24.0
Chattrapati Sambhajinagar APMC,2024,6,1749.0,,,,20,
Chattrapati Sambhajinagar APMC,2025,6,897.0,1749.0,-852.0,-48.7,26,20.0
Chattrapati Sambhajinagar APMC,2026,6,1067.0,897.0,170.0,18.9,26,26.0
Chattrapati Sambhajinagar APMC,2024,7,1858.0,,,,22,
Chattrapati Sambhajinagar APMC,2025,7,872.0,1858.0,-986.0,-53.1,25,22.0
Chattrapati Sambhajinagar APMC,2025,8,889.0,,,,24,
Chattrapati Sambhajinagar APMC,2024,9,2925.0,,,,24,
Chattrapati Sambhajinagar APMC,2025,9,745.0,2925.0,-2179.0,-74.5,25,24.0
Chattrapati Sambhajinagar APMC,2024,10,2345.0,,,,26,
Chattrapati Sambhajinagar APMC,2025,10,815.0,2345.0,-1530.0,-65.3,17,26.0
Chattrapati Sambhajinagar APMC,2024,11,2251.0,,,,23,
Chattrapati Sambhajinagar APMC,2025,11,868.0,2251.0,-1383.0,-61.4,24,23.0
Chattrapati Sambhajinagar APMC,2024,12,2096.0,,,,27,
Chattrapati Sambhajinagar APMC,2025,12,1093.0,2096.0,-1003.0,-47.8,25,27.0
Kolhapur APMC,2025,1,1884.0,,,,25,
Kolhapur APMC,2026,1,1142.0,1884.0,-742.0,-39.4,24,25.0
Kolhapur APMC,2025,2,1965.0,,,,20,
Kolhapur APMC,2026,2,1014.0,1965.0,-951.0,-48.4,22,20.0
Kolhapur APMC,2025,3,1455.0,,,,22,
Kolhapur APMC,2026,3,958.0,1455.0,-496.0,-34.1,24,22.0
Kolhapur APMC,2025,4,1069.0,,,,26,
Kolhapur APMC,2026,4,924.0,1069.0,-145.0,-13.6,25,26.0
Kolhapur APMC,2025,5,1072.0,,,,25,
Kolhapur APMC,2026,5,1029.0,1072.0,-43.0,-4.0,24,25.0
Kolhapur APMC,2024,6,1942.0,,,,24,
Kolhapur APMC,2025,6,1183.0,1942.0,-758.0,-39.1,24,24.0
Kolhapur APMC,2026,6,1216.0,1183.0,33.0,2.8,25,24.0
Kolhapur APMC,2024,7,2222.0,,,,27,
Kolhapur APMC,2025,7,1133.0,2222.0,-1089.0,-49.0,24,27.0
Kolhapur APMC,2025,8,1004.0,,,,23,
Kolhapur APMC,2024,9,3187.0,,,,23,
Kolhapur APMC,2025,9,960.0,3187.0,-2227.0,-69.9,25,23.0
Kolhapur APMC,2024,10,3100.0,,,,24,
Kolhapur APMC,2025,10,943.0,3100.0,-2157.0,-69.6,21,24.0
Kolhapur APMC,2024,11,2748.0,,,,21,
Kolhapur APMC,2025,11,987.0,2748.0,-1761.0,-64.1,23,21.0
Kolhapur APMC,2024,12,2285.0,,,,26,
Kolhapur APMC,2025,12,1350.0,2285.0,-935.0,-40.9,26,26.0
Lasalgaon APMC,2025,1,2280.0,,,,26,
Lasalgaon APMC,2026,1,1512.0,2280.0,-768.0,-33.7,19,26.0
Lasalgaon APMC,2025,2,2462.0,,,,21,
Lasalgaon APMC,2026,2,1124.0,2462.0,-1338.0,-54.4,22,21.0
Lasalgaon APMC,2025,3,1722.0,,,,19,
Lasalgaon APMC,2026,3,1066.0,1722.0,-656.0,-38.1,16,19.0
Lasalgaon APMC,2025,4,1182.0,,,,22,
Lasalgaon APMC,2026,4,1027.0,1182.0,-154.0,-13.1,24,22.0
Lasalgaon APMC,2025,5,1199.0,,,,24,
Lasalgaon APMC,2026,5,1180.0,1199.0,-19.0,-1.6,23,24.0
Lasalgaon APMC,2024,6,2643.0,,,,23,
Lasalgaon APMC,2025,6,1546.0,2643.0,-1097.0,-41.5,25,23.0
Lasalgaon APMC,2026,6,1724.0,1546.0,178.0,11.5,26,25.0
Lasalgaon APMC,2024,7,2833.0,,,,21,
Lasalgaon APMC,2025,7,1433.0,2833.0,-1399.0,-49.4,25,21.0
Lasalgaon APMC,2025,8,1452.0,,,,17,
Lasalgaon APMC,2024,9,4322.0,,,,21,
Lasalgaon APMC,2025,9,1209.0,4322.0,-3113.0,-72.0,23,21.0
Lasalgaon APMC,2024,10,3828.0,,,,20,
Lasalgaon APMC,2025,10,1218.0,3828.0,-2610.0,-68.2,17,20.0
Lasalgaon APMC,2024,11,4568.0,,,,21,
Lasalgaon APMC,2025,11,1615.0,4568.0,-2953.0,-64.6,20,21.0
Lasalgaon APMC,2024,12,2754.0,,,,25,
Lasalgaon APMC,2025,12,1927.0,2754.0,-827.0,-30.0,21,25.0
Lasalgaon(Niphad) APMC,2025,1,2264.0,,,,26,
Lasalgaon(Niphad) APMC,2026,1,1505.0,2264.0,-759.0,-33.5,22,26.0
Lasalgaon(Niphad) APMC,2025,2,2456.0,,,,21,
Lasalgaon(Niphad) APMC,2026,2,1107.0,2456.0,-1349.0,-54.9,23,21.0
Lasalgaon(Niphad) APMC,2025,3,1724.0,,,,23,
Lasalgaon(Niphad) APMC,2026,3,917.0,1724.0,-807.0,-46.8,22,23.0
Lasalgaon(Niphad) APMC,2025,4,1168.0,,,,23,
Lasalgaon(Niphad) APMC,2026,4,914.0,1168.0,-254.0,-21.7,20,23.0
Lasalgaon(Niphad) APMC,2025,5,1168.0,,,,24,
Lasalgaon(Niphad) APMC,2026,5,1061.0,1168.0,-107.0,-9.2,23,24.0
Lasalgaon(Niphad) APMC,2024,6,2682.0,,,,26,
Lasalgaon(Niphad) APMC,2025,6,1535.0,2682.0,-1147.0,-42.8,23,26.0
Lasalgaon(Niphad) APMC,2026,6,1694.0,1535.0,159.0,10.3,26,23.0
Lasalgaon(Niphad) APMC,2024,7,2846.0,,,,31,
Lasalgaon(Niphad) APMC,2025,7,1398.0,2846.0,-1448.0,-50.9,22,31.0
Lasalgaon(Niphad) APMC,2025,8,1428.0,,,,18,
Lasalgaon(Niphad) APMC,2024,9,4321.0,,,,27,
Lasalgaon(Niphad) APMC,2025,9,1165.0,4321.0,-3157.0,-73.1,22,27.0
Lasalgaon(Niphad) APMC,2024,10,4266.0,,,,25,
Lasalgaon(Niphad) APMC,2025,10,1179.0,4266.0,-3088.0,-72.4,17,25.0
Lasalgaon(Niphad) APMC,2024,11,5038.0,,,,21,
Lasalgaon(Niphad) APMC,2025,11,1370.0,5038.0,-3668.0,-72.8,22,21.0
Lasalgaon(Niphad) APMC,2024,12,2611.0,,,,26,
Lasalgaon(Niphad) APMC,2025,12,1596.0,2611.0,-1014.0,-38.9,27,26.0
Lasalgaon(Vinchur) APMC,2025,1,2248.0,,,,26,
Lasalgaon(Vinchur) APMC,2026,1,1468.0,2248.0,-780.0,-34.7,25,26.0
Lasalgaon(Vinchur) APMC,2025,2,2450.0,,,,18,
Lasalgaon(Vinchur) APMC,2026,2,1099.0,2450.0,-1351.0,-55.2,22,18.0
Lasalgaon(Vinchur) APMC,2025,3,1737.0,,,,19,
Lasalgaon(Vinchur) APMC,2026,3,949.0,1737.0,-789.0,-45.4,18,19.0
Lasalgaon(Vinchur) APMC,2025,4,1204.0,,,,25,
Lasalgaon(Vinchur) APMC,2026,4,979.0,1204.0,-225.0,-18.7,24,25.0
Lasalgaon(Vinchur) APMC,2025,5,1174.0,,,,25,
Lasalgaon(Vinchur) APMC,2026,5,1137.0,1174.0,-37.0,-3.2,25,25.0
Lasalgaon(Vinchur) APMC,2024,6,2652.0,,,,25,
Lasalgaon(Vinchur) APMC,2025,6,1526.0,2652.0,-1126.0,-42.5,23,25.0
Lasalgaon(Vinchur) APMC,2026,6,1682.0,1526.0,156.0,10.2,25,23.0
Lasalgaon(Vinchur) APMC,2024,7,2827.0,,,,27,
Lasalgaon(Vinchur) APMC,2025,7,1428.0,2827.0,-1399.0,-49.5,23,27.0
Lasalgaon(Vinchur) APMC,2025,8,1430.0,,,,21,
Lasalgaon(Vinchur) APMC,2024,9,4274.0,,,,22,
Lasalgaon(Vinchur) APMC,2025,9,1190.0,4274.0,-3084.0,-72.2,24,22.0
Lasalgaon(Vinchur) APMC,2024,10,4230.0,,,,22,
Lasalgaon(Vinchur) APMC,2025,10,1189.0,4230.0,-3041.0,-71.9,17,22.0
Lasalgaon(Vinchur) APMC,2024,11,4383.0,,,,21,
Lasalgaon(Vinchur) APMC,2025,11,1347.0,4383.0,-3037.0,-69.3,22,21.0
Lasalgaon(Vinchur) APMC,2024,12,2752.0,,,,26,
Lasalgaon(Vinchur) APMC,2025,12,1740.0,2752.0,-1012.0,-36.8,27,26.0
Mangal Wedha APMC,2025,1,2505.0,,,,27,
Mangal Wedha APMC,2026,1,1299.0,2505.0,-1207.0,-48.2,22,27.0
Mangal Wedha APMC,2025,2,2320.0,,,,20,
Mangal Wedha APMC,2026,2,1080.0,2320.0,-1240.0,-53.5,22,20.0
Mangal Wedha APMC,2025,3,1683.0,,,,25,
Mangal Wedha APMC,2026,3,1022.0,1683.0,-661.0,-39.3,23,25.0
Mangal Wedha APMC,2025,4,1125.0,,,,25,
Mangal Wedha APMC,2026,4,818.0,1125.0,-307.0,-27.3,25,25.0
Mangal Wedha APMC,2025,5,998.0,,,,24,
Mangal Wedha APMC,2026,5,895.0,998.0,-102.0,-10.3,27,24.0
Mangal Wedha APMC,2024,6,2492.0,,,,20,
Mangal Wedha APMC,2025,6,1235.0,2492.0,-1257.0,-50.4,22,20.0
Mangal Wedha APMC,2026,6,1579.0,1235.0,344.0,27.9,22,22.0
Mangal Wedha APMC,2024,7,2813.0,,,,19,
Mangal Wedha APMC,2025,7,1477.0,2813.0,-1336.0,-47.5,21,19.0
Mangal Wedha APMC,2025,8,1454.0,,,,20,
Mangal Wedha APMC,2024,9,3686.0,,,,22,
Mangal Wedha APMC,2025,9,1175.0,3686.0,-2511.0,-68.1,19,22.0
Mangal Wedha APMC,2024,10,2435.0,,,,24,
Mangal Wedha APMC,2025,10,1219.0,2435.0,-1217.0,-50.0,22,24.0
Mangal Wedha APMC,2024,11,3010.0,,,,22,
Mangal Wedha APMC,2025,11,903.0,3010.0,-2107.0,-70.0,25,22.0
Mangal Wedha APMC,2024,12,3324.0,,,,25,
Mangal Wedha APMC,2025,12,1119.0,3324.0,-2205.0,-66.3,22,25.0
Nasik APMC,2025,1,2124.0,,,,27,
Nasik APMC,2026,1,1374.0,2124.0,-750.0,-35.3,22,27.0
Nasik APMC,2025,2,2400.0,,,,20,
Nasik APMC,2026,2,1105.0,2400.0,-1295.0,-54.0,21,20.0
Nasik APMC,2025,3,1726.0,,,,24,
Nasik APMC,2026,3,830.0,1726.0,-896.0,-51.9,21,24.0
Nasik APMC,2025,4,1070.0,,,,21,
Nasik APMC,2026,4,839.0,1070.0,-231.0,-21.6,24,21.0
Nasik APMC,2025,5,832.0,,,,25,
Nasik APMC,2026,5,876.0,832.0,45.0,5.4,22,25.0
Nasik APMC,2024,6,2350.0,,,,23,
Nasik APMC,2025,6,1146.0,2350.0,-1204.0,-51.2,22,23.0
Nasik APMC,2026,6,1556.0,1146.0,410.0,35.8,24,22.0
Nasik APMC,2024,7,2606.0,,,,27,
Nasik APMC,2025,7,983.0,2606.0,-1623.0,-62.3,23,27.0
Nasik APMC,2025,8,1029.0,,,,21,
Nasik APMC,2024,9,4083.0,,,,24,
Nasik APMC,2025,9,907.0,4083.0,-3176.0,-77.8,25,24.0
Nasik APMC,2024,10,3628.0,,,,25,
Nasik APMC,2025,10,1002.0,3628.0,-2626.0,-72.4,17,25.0
Nasik APMC,2024,11,4655.0,,,,19,
Nasik APMC,2025,11,1183.0,4655.0,-3473.0,-74.6,22,19.0
Nasik APMC,2024,12,2649.0,,,,24,
Nasik APMC,2025,12,1258.0,2649.0,-1391.0,-52.5,26,24.0
Pimpalgaon Baswant APMC,2025,1,2208.0,,,,26,
Pimpalgaon Baswant APMC,2026,1,1385.0,2208.0,-822.0,-37.2,24,26.0
Pimpalgaon Baswant APMC,2025,2,2338.0,,,,21,
Pimpalgaon Baswant APMC,2026,2,1052.0,2338.0,-1286.0,-55.0,23,21.0
Pimpalgaon Baswant APMC,2025,3,1641.0,,,,22,
Pimpalgaon Baswant APMC,2026,3,1054.0,1641.0,-588.0,-35.8,22,22.0
Pimpalgaon Baswant APMC,2025,4,1161.0,,,,24,
Pimpalgaon Baswant APMC,2026,4,1106.0,1161.0,-55.0,-4.8,25,24.0
Pimpalgaon Baswant APMC,2025,5,1227.0,,,,24,
Pimpalgaon Baswant APMC,2026,5,1223.0,1227.0,-4.0,-0.3,25,24.0
Pimpalgaon Baswant APMC,2024,6,2692.0,,,,25,
Pimpalgaon Baswant APMC,2025,6,1567.0,2692.0,-1125.0,-41.8,25,25.0
Pimpalgaon Baswant APMC,2026,6,1838.0,1567.0,270.0,17.2,26,25.0
Pimpalgaon Baswant APMC,2024,7,2810.0,,,,26,
Pimpalgaon Baswant APMC,2025,7,1391.0,2810.0,-1419.0,-50.5,26,26.0
Pimpalgaon Baswant APMC,2025,8,1435.0,,,,22,
Pimpalgaon Baswant APMC,2024,9,4297.0,,,,21,
Pimpalgaon Baswant APMC,2025,9,1220.0,4297.0,-3077.0,-71.6,24,21.0
Pimpalgaon Baswant APMC,2024,10,4360.0,,,,21,
Pimpalgaon Baswant APMC,2025,10,1277.0,4360.0,-3082.0,-70.7,21,21.0
Pimpalgaon Baswant APMC,2024,11,4891.0,,,,22,
Pimpalgaon Baswant APMC,2025,11,1435.0,4891.0,-3456.0,-70.7,20,22.0
Pimpalgaon Baswant APMC,2024,12,2975.0,,,,26,
Pimpalgaon Baswant APMC,2025,12,1838.0,2975.0,-1136.0,-38.2,26,26.0
Pune APMC,2025,1,2233.0,,,,26,
Pune APMC,2026,1,1203.0,2233.0,-1030.0,-46.1,20,26.0
Pune APMC,2025,2,2118.0,,,,20,
Pune APMC,2026,2,959.0,2118.0,-1158.0,-54.7,22,20.0
Pune APMC,2025,3,1442.0,,,,25,
Pune APMC,2026,3,867.0,1442.0,-575.0,-39.8,23,25.0
Pune APMC,2025,4,1090.0,,,,25,
Pune APMC,2026,4,835.0,1090.0,-255.0,-23.4,23,25.0
Pune APMC,2025,5,1007.0,,,,23,
Pune APMC,2026,5,936.0,1007.0,-71.0,-7.0,21,23.0
Pune APMC,2024,6,1910.0,,,,25,
Pune APMC,2025,6,1202.0,1910.0,-708.0,-37.1,25,25.0
Pune APMC,2026,6,1354.0,1202.0,152.0,12.6,25,25.0
Pune APMC,2024,7,2138.0,,,,26,
Pune APMC,2025,7,1544.0,2138.0,-595.0,-27.8,24,26.0
Pune APMC,2025,8,1119.0,,,,25,
Pune APMC,2024,9,3825.0,,,,24,
Pune APMC,2025,9,1334.0,3825.0,-2491.0,-65.1,25,24.0
Pune APMC,2024,10,3348.0,,,,24,
Pune APMC,2025,10,1000.0,3348.0,-2348.0,-70.1,24,24.0
Pune APMC,2024,11,4207.0,,,,23,
Pune APMC,2025,11,1111.0,4207.0,-3096.0,-73.6,23,23.0
Pune APMC,2024,12,3392.0,,,,26,
Pune APMC,2025,12,1388.0,3392.0,-2005.0,-59.1,24,26.0
Pune(Manjri) APMC,2025,1,2780.0,,,,30,
Pune(Manjri) APMC,2026,1,1043.0,2780.0,-1737.0,-62.5,28,30.0
Pune(Manjri) APMC,2025,2,2576.0,,,,25,
Pune(Manjri) APMC,2026,2,1129.0,2576.0,-1447.0,-56.2,28,25.0
Pune(Manjri) APMC,2025,3,2013.0,,,,30,
Pune(Manjri) APMC,2026,3,1039.0,2013.0,-974.0,-48.4,28,30.0
Pune(Manjri) APMC,2025,4,1262.0,,,,29,
Pune(Manjri) APMC,2026,4,917.0,1262.0,-345.0,-27.3,29,29.0
Pune(Manjri) APMC,2025,5,862.0,,,,26,
Pune(Manjri) APMC,2026,5,917.0,862.0,56.0,6.5,29,26.0
Pune(Manjri) APMC,2024,6,2117.0,,,,30,
Pune(Manjri) APMC,2025,6,897.0,2117.0,-1220.0,-57.6,29,30.0
Pune(Manjri) APMC,2026,6,1510.0,897.0,613.0,68.4,30,29.0
Pune(Manjri) APMC,2024,7,2452.0,,,,31,
Pune(Manjri) APMC,2025,7,1030.0,2452.0,-1422.0,-58.0,27,31.0
Pune(Manjri) APMC,2025,8,973.0,,,,22,
Pune(Manjri) APMC,2024,9,3607.0,,,,29,
Pune(Manjri) APMC,2025,9,981.0,3607.0,-2625.0,-72.8,27,29.0
Pune(Manjri) APMC,2024,10,2814.0,,,,29,
Pune(Manjri) APMC,2025,10,1109.0,2814.0,-1705.0,-60.6,23,29.0
Pune(Manjri) APMC,2024,11,3785.0,,,,27,
Pune(Manjri) APMC,2025,11,821.0,3785.0,-2964.0,-78.3,28,27.0
Pune(Manjri) APMC,2024,12,3490.0,,,,30,
Pune(Manjri) APMC,2025,12,1247.0,3490.0,-2243.0,-64.3,30,30.0
Pune(Moshi) APMC,2025,1,1550.0,,,,25,
Pune(Moshi) APMC,2026,1,1035.0,1550.0,-515.0,-33.2,24,25.0
Pune(Moshi) APMC,2025,2,1577.0,,,,22,
Pune(Moshi) APMC,2026,2,838.0,1577.0,-739.0,-46.9,23,22.0
Pune(Moshi) APMC,2025,3,1248.0,,,,26,
Pune(Moshi) APMC,2026,3,764.0,1248.0,-484.0,-38.8,25,26.0
Pune(Moshi) APMC,2025,4,866.0,,,,25,
Pune(Moshi) APMC,2026,4,771.0,866.0,-95.0,-11.0,24,25.0
Pune(Moshi) APMC,2025,5,829.0,,,,26,
Pune(Moshi) APMC,2026,5,731.0,829.0,-98.0,-11.8,24,26.0
Pune(Moshi) APMC,2024,6,1712.0,,,,26,
Pune(Moshi) APMC,2025,6,1127.0,1712.0,-585.0,-34.2,26,26.0
Pune(Moshi) APMC,2026,6,1102.0,1127.0,-25.0,-2.2,26,26.0
Pune(Moshi) APMC,2024,7,2173.0,,,,26,
Pune(Moshi) APMC,2025,7,1142.0,2173.0,-1031.0,-47.4,25,26.0
Pune(Moshi) APMC,2025,8,1064.0,,,,25,
Pune(Moshi) APMC,2024,9,3162.0,,,,26,
Pune(Moshi) APMC,2025,9,1006.0,3162.0,-2156.0,-68.2,25,26.0
Pune(Moshi) APMC,2024,10,2375.0,,,,24,
Pune(Moshi) APMC,2025,10,959.0,2375.0,-1416.0,-59.6,22,24.0
Pune(Moshi) APMC,2024,11,2967.0,,,,23,
Pune(Moshi) APMC,2025,11,971.0,2967.0,-1996.0,-67.3,26,23.0
Pune(Moshi) APMC,2024,12,2356.0,,,,24,
Pune(Moshi) APMC,2025,12,1146.0,2356.0,-1210.0,-51.4,25,24.0
Pune(Pimpri) APMC,2025,1,2123.0,,,,30,
Pune(Pimpri) APMC,2026,1,1433.0,2123.0,-691.0,-32.5,29,30.0
Pune(Pimpri) APMC,2025,2,2325.0,,,,20,
Pune(Pimpri) APMC,2026,2,1405.0,2325.0,-920.0,-39.6,28,20.0
Pune(Pimpri) APMC,2025,3,1781.0,,,,31,
Pune(Pimpri) APMC,2026,3,1335.0,1781.0,-445.0,-25.0,29,31.0
Pune(Pimpri) APMC,2025,4,1295.0,,,,30,
Pune(Pimpri) APMC,2026,4,1019.0,1295.0,-277.0,-21.4,30,30.0
Pune(Pimpri) APMC,2025,5,1181.0,,,,29,
Pune(Pimpri) APMC,2026,5,993.0,1181.0,-188.0,-15.9,31,29.0
Pune(Pimpri) APMC,2024,6,2352.0,,,,30,
Pune(Pimpri) APMC,2025,6,1344.0,2352.0,-1007.0,-42.8,27,30.0
Pune(Pimpri) APMC,2026,6,1505.0,1344.0,161.0,11.9,30,27.0
Pune(Pimpri) APMC,2024,7,2657.0,,,,27,
Pune(Pimpri) APMC,2025,7,1538.0,2657.0,-1119.0,-42.1,26,27.0
Pune(Pimpri) APMC,2025,8,1407.0,,,,28,
Pune(Pimpri) APMC,2024,9,3983.0,,,,30,
Pune(Pimpri) APMC,2025,9,1350.0,3983.0,-2633.0,-66.1,30,30.0
Pune(Pimpri) APMC,2024,10,3941.0,,,,29,
Pune(Pimpri) APMC,2025,10,1283.0,3941.0,-2659.0,-67.5,29,29.0
Pune(Pimpri) APMC,2024,11,4758.0,,,,25,
Pune(Pimpri) APMC,2025,11,1267.0,4758.0,-3491.0,-73.4,30,25.0
Pune(Pimpri) APMC,2024,12,2970.0,,,,30,
Pune(Pimpri) APMC,2025,12,1542.0,2970.0,-1428.0,-48.1,30,30.0
Satara APMC,2025,1,2006.0,,,,25,
Satara APMC,2026,1,1452.0,2006.0,-554.0,-27.6,24,25.0
Satara APMC,2025,2,1957.0,,,,21,
Satara APMC,2026,2,1327.0,1957.0,-630.0,-32.2,22,21.0
Satara APMC,2025,3,1391.0,,,,22,
Satara APMC,2026,3,1090.0,1391.0,-301.0,-21.6,25,22.0
Satara APMC,2025,4,1056.0,,,,25,
Satara APMC,2026,4,1040.0,1056.0,-16.0,-1.5,26,25.0
Satara APMC,2025,5,1107.0,,,,22,
Satara APMC,2026,5,1004.0,1107.0,-103.0,-9.3,25,22.0
Satara APMC,2024,6,2486.0,,,,22,
Satara APMC,2025,6,1384.0,2486.0,-1102.0,-44.3,25,22.0
Satara APMC,2026,6,1470.0,1384.0,86.0,6.2,25,25.0
Satara APMC,2024,7,2676.0,,,,21,
Satara APMC,2025,7,1492.0,2676.0,-1184.0,-44.2,25,21.0
Satara APMC,2025,8,1478.0,,,,23,
Satara APMC,2024,9,3906.0,,,,25,
Satara APMC,2025,9,1471.0,3906.0,-2435.0,-62.3,26,25.0
Satara APMC,2024,10,3198.0,,,,26,
Satara APMC,2025,10,1460.0,3198.0,-1738.0,-54.3,20,26.0
Satara APMC,2024,11,4048.0,,,,21,
Satara APMC,2025,11,1511.0,4048.0,-2536.0,-62.7,22,21.0
Satara APMC,2024,12,2900.0,,,,24,
Satara APMC,2025,12,1665.0,2900.0,-1235.0,-42.6,24,24.0
