mandi_name,month_num,avg_price,avg_arrivals,n_obs,seasonal_index,month_rank,rs_above_worst_month
Bhusaval APMC,1,1415.0,25.0,53,89.7,8,469.0
Bhusaval APMC,2,1558.0,27.0,45,98.7,6,612.0
Bhusaval APMC,3,1183.0,211.0,48,75.0,9,237.0
Bhusaval APMC,4,1028.0,69.0,50,65.1,11,82.0
Bhusaval APMC,5,946.0,66.0,52,60.0,12,0.0
Bhusaval APMC,6,1499.0,22.0,73,95.0,7,552.0
Bhusaval APMC,7,1831.0,13.0,51,116.1,5,885.0
Bhusaval APMC,8,1068.0,17.0,25,67.7,10,122.0
Bhusaval APMC,9,2114.0,16.0,42,134.0,2,1168.0
Bhusaval APMC,10,2336.0,15.0,47,148.1,1,1390.0
Bhusaval APMC,11,2069.0,17.0,48,131.1,3,1123.0
Bhusaval APMC,12,1888.0,29.0,48,119.6,4,941.0
Chattrapati Sambhajinagar APMC,1,1385.0,2464.0,51,109.6,5,759.0
Chattrapati Sambhajinagar APMC,2,1288.0,2326.0,40,101.9,7,661.0
Chattrapati Sambhajinagar APMC,3,1024.0,3543.0,50,81.0,9,398.0
Chattrapati Sambhajinagar APMC,4,714.0,3929.0,48,56.5,11,88.0
Chattrapati Sambhajinagar APMC,5,626.0,3545.0,50,49.6,12,0.0
Chattrapati Sambhajinagar APMC,6,1195.0,3172.0,72,94.5,8,569.0
Chattrapati Sambhajinagar APMC,7,1334.0,2246.0,47,105.5,6,707.0
Chattrapati Sambhajinagar APMC,8,889.0,2975.0,24,70.4,10,263.0
Chattrapati Sambhajinagar APMC,9,1813.0,2672.0,49,143.4,1,1186.0
Chattrapati Sambhajinagar APMC,10,1740.0,1842.0,43,137.7,2,1114.0
Chattrapati Sambhajinagar APMC,11,1545.0,1752.0,47,122.2,4,918.0
Chattrapati Sambhajinagar APMC,12,1614.0,2547.0,52,127.7,3,988.0
Kolhapur APMC,1,1520.0,5533.0,49,100.5,6,522.0
Kolhapur APMC,2,1467.0,6479.0,42,96.9,7,469.0
Kolhapur APMC,3,1196.0,6229.0,46,79.0,9,198.0
Kolhapur APMC,4,998.0,5182.0,51,66.0,12,0.0
Kolhapur APMC,5,1051.0,5506.0,49,69.5,10,53.0
Kolhapur APMC,6,1444.0,4024.0,73,95.4,8,446.0
Kolhapur APMC,7,1710.0,3214.0,51,113.0,5,712.0
Kolhapur APMC,8,1004.0,3742.0,23,66.4,11,6.0
Kolhapur APMC,9,2027.0,3322.0,48,134.0,2,1029.0
Kolhapur APMC,10,2093.0,3752.0,45,138.4,1,1095.0
Kolhapur APMC,11,1827.0,4681.0,44,120.8,3,829.0
Kolhapur APMC,12,1817.0,4705.0,52,120.1,4,819.0
Lasalgaon APMC,1,1956.0,24558.0,45,98.8,6,854.0
Lasalgaon APMC,2,1778.0,24440.0,43,89.8,8,676.0
Lasalgaon APMC,3,1422.0,12446.0,35,71.9,10,321.0
Lasalgaon APMC,4,1101.0,11226.0,46,55.6,12,0.0
Lasalgaon APMC,5,1190.0,13732.0,47,60.1,11,89.0
Lasalgaon APMC,6,1950.0,13735.0,74,98.5,7,848.0
Lasalgaon APMC,7,2072.0,12052.0,46,104.7,5,971.0
Lasalgaon APMC,8,1452.0,14231.0,17,73.4,9,351.0
Lasalgaon APMC,9,2695.0,8456.0,44,136.2,2,1593.0
Lasalgaon APMC,10,2629.0,6662.0,37,132.8,3,1527.0
Lasalgaon APMC,11,3128.0,7597.0,41,158.0,1,2026.0
Lasalgaon APMC,12,2377.0,18063.0,46,120.1,4,1275.0
Lasalgaon(Niphad) APMC,1,1916.0,4264.0,48,95.8,7,866.0
Lasalgaon(Niphad) APMC,2,1751.0,6802.0,44,87.5,8,700.0
Lasalgaon(Niphad) APMC,3,1330.0,4008.0,45,66.5,10,279.0
Lasalgaon(Niphad) APMC,4,1050.0,3581.0,43,52.5,12,0.0
Lasalgaon(Niphad) APMC,5,1115.0,4156.0,47,55.8,11,65.0
Lasalgaon(Niphad) APMC,6,1988.0,4819.0,75,99.4,6,938.0
Lasalgaon(Niphad) APMC,7,2245.0,4837.0,53,112.3,4,1195.0
Lasalgaon(Niphad) APMC,8,1428.0,6881.0,18,71.4,9,378.0
Lasalgaon(Niphad) APMC,9,2904.0,4367.0,49,145.2,3,1854.0
Lasalgaon(Niphad) APMC,10,3017.0,3506.0,42,150.8,2,1966.0
Lasalgaon(Niphad) APMC,11,3161.0,2424.0,43,158.1,1,2111.0
Lasalgaon(Niphad) APMC,12,2094.0,1514.0,53,104.7,5,1044.0
Lasalgaon(Vinchur) APMC,1,1866.0,13575.0,51,95.7,7,772.0
Lasalgaon(Vinchur) APMC,2,1707.0,14430.0,40,87.6,8,613.0
Lasalgaon(Vinchur) APMC,3,1354.0,9600.0,37,69.5,10,260.0
Lasalgaon(Vinchur) APMC,4,1094.0,6207.0,49,56.1,12,0.0
Lasalgaon(Vinchur) APMC,5,1156.0,10956.0,50,59.3,11,62.0
Lasalgaon(Vinchur) APMC,6,1965.0,13128.0,73,100.8,6,871.0
Lasalgaon(Vinchur) APMC,7,2184.0,10724.0,50,112.0,5,1090.0
Lasalgaon(Vinchur) APMC,8,1430.0,9581.0,21,73.4,9,336.0
Lasalgaon(Vinchur) APMC,9,2665.0,6187.0,46,136.7,3,1571.0
Lasalgaon(Vinchur) APMC,10,2904.0,4772.0,39,149.0,1,1810.0
Lasalgaon(Vinchur) APMC,11,2830.0,6020.0,43,145.2,2,1736.0
Lasalgaon(Vinchur) APMC,12,2236.0,7330.0,53,114.7,4,1143.0
Mangal Wedha APMC,1,1963.0,83.0,49,113.4,4,1020.0
Mangal Wedha APMC,2,1670.0,113.0,42,96.4,8,727.0
Mangal Wedha APMC,3,1366.0,103.0,48,78.9,10,423.0
Mangal Wedha APMC,4,971.0,97.0,50,56.1,11,28.0
Mangal Wedha APMC,5,943.0,59.0,51,54.5,12,0.0
Mangal Wedha APMC,6,1746.0,89.0,64,100.8,7,803.0
Mangal Wedha APMC,7,2111.0,77.0,40,121.9,3,1168.0
Mangal Wedha APMC,8,1454.0,75.0,20,83.9,9,510.0
Mangal Wedha APMC,9,2522.0,89.0,41,145.6,1,1579.0
Mangal Wedha APMC,10,1853.0,238.0,46,107.0,6,910.0
Mangal Wedha APMC,11,1889.0,272.0,47,109.1,5,946.0
Mangal Wedha APMC,12,2292.0,117.0,47,132.3,2,1349.0
Nasik APMC,1,1787.0,2981.0,49,102.3,6,934.0
Nasik APMC,2,1737.0,3416.0,41,99.4,7,884.0
Nasik APMC,3,1308.0,2687.0,45,74.9,9,455.0
Nasik APMC,4,947.0,2652.0,45,54.2,11,95.0
Nasik APMC,5,852.0,4112.0,47,48.8,12,0.0
Nasik APMC,6,1690.0,3770.0,69,96.8,8,838.0
Nasik APMC,7,1860.0,2594.0,50,106.5,5,1007.0
Nasik APMC,8,1029.0,3245.0,21,58.9,10,176.0
Nasik APMC,9,2463.0,2506.0,49,141.0,3,1611.0
Nasik APMC,10,2565.0,1817.0,42,146.9,2,1713.0
Nasik APMC,11,2792.0,1399.0,41,159.9,1,1940.0
Nasik APMC,12,1925.0,1503.0,50,110.3,4,1073.0
Pimpalgaon Baswant APMC,1,1813.0,19492.0,50,91.1,7,680.0
Pimpalgaon Baswant APMC,2,1666.0,22851.0,44,83.7,8,533.0
Pimpalgaon Baswant APMC,3,1348.0,15150.0,44,67.7,10,214.0
Pimpalgaon Baswant APMC,4,1133.0,23862.0,49,57.0,12,0.0
Pimpalgaon Baswant APMC,5,1225.0,30983.0,49,61.6,11,92.0
Pimpalgaon Baswant APMC,6,2030.0,20364.0,76,102.0,6,896.0
Pimpalgaon Baswant APMC,7,2100.0,14518.0,52,105.6,5,967.0
Pimpalgaon Baswant APMC,8,1435.0,21226.0,22,72.1,9,302.0
Pimpalgaon Baswant APMC,9,2656.0,12518.0,45,133.5,3,1522.0
Pimpalgaon Baswant APMC,10,2818.0,10050.0,42,141.7,2,1685.0
Pimpalgaon Baswant APMC,11,3245.0,7927.0,42,163.1,1,2112.0
Pimpalgaon Baswant APMC,12,2407.0,12302.0,52,120.9,4,1273.0
Pune APMC,1,1785.0,14993.0,46,103.6,6,817.0
Pune APMC,2,1511.0,16882.0,42,87.7,7,543.0
Pune APMC,3,1167.0,14072.0,48,67.7,9,199.0
Pune APMC,4,968.0,10217.0,48,56.2,12,0.0
Pune APMC,5,973.0,10323.0,44,56.4,11,5.0
Pune APMC,6,1489.0,8960.0,75,86.4,8,521.0
Pune APMC,7,1853.0,8134.0,50,107.5,5,885.0
Pune APMC,8,1119.0,9239.0,25,64.9,10,151.0
Pune APMC,9,2554.0,9332.0,49,148.2,2,1586.0
Pune APMC,10,2174.0,11180.0,48,126.1,4,1206.0
Pune APMC,11,2659.0,11182.0,46,154.3,1,1691.0
Pune APMC,12,2430.0,13033.0,50,141.0,3,1462.0
Pune(Manjri) APMC,1,1941.0,72.0,58,113.1,5,1050.0
Pune(Manjri) APMC,2,1811.0,66.0,53,105.5,6,920.0
Pune(Manjri) APMC,3,1543.0,63.0,58,89.9,8,652.0
Pune(Manjri) APMC,4,1090.0,64.0,58,63.5,10,199.0
Pune(Manjri) APMC,5,891.0,89.0,55,51.9,12,0.0
Pune(Manjri) APMC,6,1515.0,88.0,89,88.2,9,624.0
Pune(Manjri) APMC,7,1790.0,60.0,58,104.3,7,899.0
Pune(Manjri) APMC,8,973.0,73.0,22,56.7,11,82.0
Pune(Manjri) APMC,9,2341.0,81.0,56,136.4,2,1450.0
Pune(Manjri) APMC,10,2060.0,63.0,52,120.0,4,1169.0
Pune(Manjri) APMC,11,2276.0,76.0,55,132.6,3,1385.0
Pune(Manjri) APMC,12,2368.0,66.0,60,138.0,1,1477.0
Pune(Moshi) APMC,1,1298.0,658.0,49,93.8,7,516.0
Pune(Moshi) APMC,2,1199.0,2097.0,45,86.7,8,417.0
Pune(Moshi) APMC,3,1011.0,692.0,51,73.0,10,229.0
Pune(Moshi) APMC,4,819.0,658.0,49,59.2,11,37.0
Pune(Moshi) APMC,5,782.0,673.0,50,56.5,12,0.0
Pune(Moshi) APMC,6,1313.0,626.0,78,94.9,6,531.0
Pune(Moshi) APMC,7,1668.0,534.0,51,120.5,5,886.0
Pune(Moshi) APMC,8,1064.0,600.0,25,76.9,9,282.0
Pune(Moshi) APMC,9,2105.0,616.0,51,152.1,1,1323.0
Pune(Moshi) APMC,10,1698.0,564.0,46,122.7,4,916.0
Pune(Moshi) APMC,11,1908.0,572.0,49,137.9,2,1126.0
Pune(Moshi) APMC,12,1739.0,587.0,49,125.7,3,957.0
Pune(Pimpri) APMC,1,1784.0,12.0,59,93.0,7,700.0
Pune(Pimpri) APMC,2,1789.0,10.0,48,93.2,6,705.0
Pune(Pimpri) APMC,3,1565.0,10.0,60,81.6,9,481.0
Pune(Pimpri) APMC,4,1157.0,16.0,60,60.3,11,73.0
Pune(Pimpri) APMC,5,1084.0,16.0,60,56.5,12,0.0
Pune(Pimpri) APMC,6,1747.0,10.0,87,91.0,8,663.0
Pune(Pimpri) APMC,7,2108.0,12.0,53,109.9,5,1024.0
Pune(Pimpri) APMC,8,1407.0,16.0,28,73.3,10,323.0
Pune(Pimpri) APMC,9,2667.0,15.0,60,139.0,2,1583.0
Pune(Pimpri) APMC,10,2612.0,12.0,58,136.1,3,1528.0
Pune(Pimpri) APMC,11,2854.0,14.0,55,148.7,1,1770.0
Pune(Pimpri) APMC,12,2256.0,14.0,60,117.5,4,1172.0
Satara APMC,1,1735.0,277.0,49,94.2,7,687.0
Satara APMC,2,1635.0,351.0,43,88.8,8,587.0
Satara APMC,3,1231.0,339.0,47,66.8,10,183.0
Satara APMC,4,1048.0,364.0,51,56.9,12,0.0
Satara APMC,5,1052.0,306.0,47,57.1,11,4.0
Satara APMC,6,1751.0,230.0,72,95.1,6,703.0
Satara APMC,7,2033.0,140.0,46,110.4,5,985.0
Satara APMC,8,1478.0,175.0,23,80.3,9,430.0
Satara APMC,9,2665.0,201.0,51,144.7,2,1617.0
Satara APMC,10,2442.0,207.0,46,132.6,3,1394.0
Satara APMC,11,2750.0,247.0,43,149.3,1,1702.0
Satara APMC,12,2282.0,252.0,48,123.9,4,1234.0
