"Date Wise Prices for Specified Commodity on October, 2025 for Commodity : Onion, State/UT : Maharashtra"
"Commodity : Onion, State/UT : Maharashtra"

Arrival Date,Arrivals (Metric Tonnes),Variety,Minimum Price (Rs./Quintal),Maximum Price (Rs./Quintal),Modal Price (Rs./Quintal)
Market Name : AGRICULTURE PRODUCE MARKET COMITEE CHANDWAD
01/10/2025,700.0,Other,427.0,1580.0,1160.0
03/10/2025,843.5,Other,625.0,1550.0,1180.0
06/10/2025,1084.2,Other,376.0,1450.0,1130.0
07/10/2025,1028.9,Other,625.0,1336.0,1060.0
08/10/2025,1067.0,Other,401.0,1300.0,990.0
09/10/2025,1050.0,Other,300.0,1313.0,950.0
11/10/2025,769.2,Other,300.0,1181.0,900.0
13/10/2025,2470.4,Other,460.0,1261.0,990.0
14/10/2025,821.5,Other,421.0,1400.0,1020.0
15/10/2025,855.4,Other,215.0,1351.0,980.0
16/10/2025,720.0,Other,440.0,1490.0,950.0
27/10/2025,436.2,Other,225.0,1675.0,1290.0
28/10/2025,564.7,Other,502.0,1686.0,1280.0
29/10/2025,587.0,Other,673.0,1676.0,1300.0
30/10/2025,488.5,Other,700.0,1930.0,1430.0
31/10/2025,481.4,Other,600.0,1971.0,1560.0
Market Name : Ahilyanagar APMC
02/10/2025,4469.8,Other,200.0,1600.0,1100.0
,,Red,200.0,1000.0,600.0
11/10/2025,4338.7,Red,100.0,800.0,550.0
,,Other,200.0,1500.0,950.0
13/10/2025,4130.7,Other,200.0,1500.0,950.0
,,Red,100.0,700.0,500.0
25/10/2025,1901.4,Other,500.0,1900.0,1300.0
27/10/2025,4397.6,Other,300.0,2000.0,1150.0
Market Name : Akluj APMC
12/10/2025,48.5,Other,200.0,1400.0,800.0
15/10/2025,35.5,Other,200.0,1600.0,800.0
17/10/2025,32.5,Other,200.0,1500.0,900.0
26/10/2025,25.9,Other,300.0,2600.0,1700.0
29/10/2025,27.6,Other,250.0,1700.0,1100.0
31/10/2025,30.6,Other,200.0,1700.0,900.0
Market Name : Akola APMC
03/10/2025,36.0,Other,500.0,1600.0,1100.0
04/10/2025,30.7,Other,500.0,1600.0,1200.0
09/10/2025,30.5,Other,600.0,1600.0,1200.0
13/10/2025,88.5,Other,600.0,1700.0,1200.0
14/10/2025,56.5,Other,600.0,1600.0,1200.0
15/10/2025,49.7,Other,600.0,1600.0,1200.0
16/10/2025,49.0,Other,600.0,1600.0,1200.0
18/10/2025,59.2,Other,600.0,1600.0,1200.0
24/10/2025,22.0,Other,500.0,1400.0,1100.0
25/10/2025,13.5,Other,600.0,1600.0,1200.0
27/10/2025,33.0,Other,600.0,1800.0,1300.0
28/10/2025,34.0,Other,600.0,1800.0,1300.0
29/10/2025,58.5,Other,600.0,1800.0,1300.0
30/10/2025,63.0,Other,600.0,1600.0,1200.0
31/10/2025,53.0,Other,600.0,1600.0,1100.0
Market Name : Akole APMC
02/10/2025,121.0,Other,150.0,1611.0,1300.0
05/10/2025,129.8,Other,150.0,1625.0,1351.0
07/10/2025,81.5,Other,200.0,1601.0,1300.0
09/10/2025,99.0,Other,125.0,1611.0,1100.0
12/10/2025,143.0,Other,100.0,1651.0,1300.0
14/10/2025,89.5,Other,150.0,1611.0,1200.0
16/10/2025,129.5,Other,111.0,1500.0,1200.0
19/10/2025,112.3,Other,200.0,1601.0,1000.0
26/10/2025,102.6,Other,200.0,2101.0,1500.0
28/10/2025,137.4,Other,190.0,1800.0,1400.0
30/10/2025,205.0,Other,150.0,1800.0,1351.0
Market Name : Amrawati(Frui & Veg. Market) APMC
01/10/2025,34.8,Local,600.0,2400.0,1500.0
03/10/2025,31.8,Local,1000.0,3200.0,2100.0
04/10/2025,40.8,Local,1000.0,3000.0,2000.0
06/10/2025,34.8,Local,1000.0,3000.0,2000.0
07/10/2025,40.8,Local,800.0,3000.0,1900.0
08/10/2025,27.0,Local,1200.0,3200.0,2200.0
12/10/2025,36.9,Local,800.0,3000.0,1900.0
13/10/2025,33.8,Local,1000.0,3000.0,2000.0
14/10/2025,40.8,Local,800.0,3000.0,1900.0
15/10/2025,31.8,Local,1000.0,3000.0,2000.0
17/10/2025,44.9,Local,1000.0,2000.0,1500.0
18/10/2025,49.7,Local,1000.0,1500.0,1250.0
26/10/2025,11.9,Local,800.0,1800.0,1300.0
27/10/2025,21.0,Local,700.0,1800.0,1250.0
28/10/2025,30.9,Local,700.0,1900.0,1300.0
29/10/2025,40.7,Local,800.0,1800.0,1300.0
31/10/2025,21.0,Local,700.0,3000.0,1650.0
Market Name : Bhusaval APMC
01/10/2025,0.7,Other,800.0,1000.0,1000.0
02/10/2025,1.5,Other,800.0,1200.0,1000.0
04/10/2025,1.5,Other,800.0,1200.0,1000.0
07/10/2025,1.5,Other,800.0,1200.0,1000.0
08/10/2025,1.9,Other,800.0,1200.0,1000.0
09/10/2025,5.0,Other,800.0,1200.0,1000.0
10/10/2025,1.4,Other,900.0,1200.0,1000.0
12/10/2025,2.3,Other,1000.0,1500.0,1200.0
14/10/2025,2.4,Other,1000.0,1500.0,1200.0
15/10/2025,2.6,Other,1000.0,1500.0,1200.0
16/10/2025,2.6,Other,500.0,1000.0,800.0
17/10/2025,6.8,Other,500.0,1000.0,800.0
18/10/2025,0.7,Other,500.0,1000.0,800.0
19/10/2025,6.6,Other,800.0,1000.0,900.0
20/10/2025,0.6,Other,800.0,1000.0,1000.0
21/10/2025,0.1,Other,1000.0,1000.0,1000.0
23/10/2025,0.2,Other,1000.0,1000.0,1000.0
26/10/2025,3.0,Other,700.0,1000.0,900.0
28/10/2025,1.6,Other,500.0,1000.0,800.0
29/10/2025,2.4,Other,800.0,1000.0,1000.0
30/10/2025,3.3,Other,700.0,1000.0,900.0
31/10/2025,1.9,Other,700.0,1000.0,900.0
Market Name : Chandrapur(Ganjwad) APMC
03/10/2025,32.0,Other,1500.0,2500.0,2000.0
04/10/2025,32.3,Other,1500.0,2500.0,2000.0
07/10/2025,44.0,Other,1600.0,2500.0,2000.0
08/10/2025,62.0,Other,1600.0,2500.0,2000.0
09/10/2025,38.0,Other,1300.0,2500.0,1800.0
13/10/2025,48.0,Other,1500.0,2750.0,2250.0
14/10/2025,76.0,Other,1400.0,2700.0,2000.0
15/10/2025,76.0,Other,1600.0,2800.0,2000.0
16/10/2025,40.0,Other,1500.0,2500.0,2000.0
17/10/2025,52.0,Other,1500.0,2500.0,2000.0
18/10/2025,34.0,Other,1400.0,2500.0,2000.0
20/10/2025,73.0,Other,1400.0,2500.0,1700.0
23/10/2025,71.0,Other,1400.0,2500.0,1700.0
24/10/2025,29.0,Other,1400.0,2500.0,1800.0
27/10/2025,31.0,Other,1500.0,2500.0,1800.0
29/10/2025,50.0,Other,1900.0,2300.0,2000.0
30/10/2025,19.0,Other,1600.0,2500.0,2000.0
31/10/2025,4.8,Other,1600.0,2000.0,1800.0
Market Name : Chattrapati Sambhajinagar APMC
01/10/2025,269.3,Other,150.0,1150.0,650.0
04/10/2025,351.1,Other,700.0,1100.0,900.0
06/10/2025,271.9,Other,600.0,1100.0,850.0
07/10/2025,269.0,Other,300.0,1400.0,850.0
08/10/2025,273.7,Other,200.0,1400.0,800.0
09/10/2025,543.0,Other,200.0,1300.0,750.0
12/10/2025,551.7,Other,200.0,1000.0,600.0
13/10/2025,271.5,Other,400.0,1200.0,800.0
15/10/2025,286.9,Other,150.0,1150.0,650.0
16/10/2025,412.5,Other,200.0,900.0,550.0
18/10/2025,259.0,Other,300.0,1100.0,700.0
23/10/2025,192.5,Other,400.0,1300.0,900.0
26/10/2025,291.5,Other,600.0,1500.0,1050.0
27/10/2025,199.1,Other,700.0,1500.0,1100.0
28/10/2025,169.3,Other,400.0,1400.0,900.0
29/10/2025,229.0,Other,350.0,1350.0,850.0
30/10/2025,281.2,Other,500.0,1400.0,950.0
Market Name : Devala APMC
01/10/2025,625.0,Other,225.0,1400.0,1125.0
03/10/2025,1116.0,Other,200.0,1385.0,1120.0
06/10/2025,1461.4,Other,200.0,1455.0,1120.0
07/10/2025,1034.0,Other,200.0,1285.0,1080.0
08/10/2025,1154.9,Other,150.0,1335.0,1050.0
09/10/2025,1102.1,Other,200.0,1305.0,1000.0
13/10/2025,4906.4,Other,100.0,1150.0,920.0
14/10/2025,1000.2,Other,100.0,1240.0,980.0
15/10/2025,998.7,Other,100.0,1200.0,950.0
16/10/2025,1001.3,Other,100.0,1250.0,980.0
28/10/2025,646.0,Other,200.0,1700.0,1350.0
29/10/2025,646.0,Other,230.0,1825.0,1375.0
30/10/2025,619.8,Other,250.0,2000.0,1400.0
31/10/2025,647.0,Other,210.0,1900.0,1575.0
Market Name : Dharashiv APMC
01/10/2025,6.0,Red,1200.0,1800.0,1500.0
02/10/2025,3.4,Red,1200.0,1800.0,1500.0
03/10/2025,2.4,Red,1200.0,1800.0,1500.0
04/10/2025,4.2,Red,1600.0,2000.0,1800.0
07/10/2025,6.7,Red,1000.0,1700.0,1350.0
08/10/2025,3.0,Red,850.0,1700.0,1275.0
09/10/2025,2.1,Red,1000.0,1800.0,1400.0
14/10/2025,8.4,Red,800.0,1700.0,1250.0
15/10/2025,2.5,Red,1100.0,1700.0,1400.0
16/10/2025,2.7,Red,1000.0,1600.0,1300.0
21/10/2025,1.2,Red,1000.0,1900.0,1450.0
22/10/2025,1.2,Red,1350.0,1700.0,1525.0
23/10/2025,1.2,Red,1300.0,1700.0,1500.0
28/10/2025,4.5,Red,1500.0,2000.0,1750.0
29/10/2025,1.6,Red,1000.0,1900.0,1450.0
30/10/2025,1.8,Red,1200.0,2000.0,1600.0
31/10/2025,2.2,Red,700.0,2000.0,1350.0
Market Name : Dhule APMC
01/10/2025,22.4,Red,290.0,1300.0,600.0
03/10/2025,45.2,Red,500.0,1200.0,900.0
04/10/2025,46.8,Red,500.0,1200.0,900.0
06/10/2025,46.0,Red,400.0,1210.0,1100.0
07/10/2025,100.7,Red,400.0,1210.0,1100.0
08/10/2025,11.7,Red,400.0,1200.0,1110.0
09/10/2025,85.4,Red,400.0,1200.0,1110.0
13/10/2025,39.6,Red,400.0,1050.0,900.0
14/10/2025,57.1,Red,400.0,1050.0,900.0
15/10/2025,31.0,Red,600.0,1120.0,900.0
16/10/2025,140.8,Red,600.0,1100.0,900.0
17/10/2025,117.2,Red,600.0,1100.0,900.0
18/10/2025,99.8,Red,600.0,1100.0,900.0
27/10/2025,18.6,Red,350.0,1650.0,1300.0
28/10/2025,26.1,Red,350.0,1650.0,1300.0
29/10/2025,121.5,Red,300.0,1560.0,900.0
30/10/2025,147.0,Red,400.0,1400.0,800.0
31/10/2025,80.0,Red,300.0,1500.0,900.0
Market Name : Dindori APMC
06/10/2025,6.7,Other,851.0,1476.0,1100.0
07/10/2025,6.3,Other,861.0,1500.0,1151.0
09/10/2025,4.4,Other,821.0,1400.0,1051.0
Market Name : Dindori(Vani) APMC
03/10/2025,324.8,Other,951.0,1640.0,1321.0
04/10/2025,386.8,Other,930.0,1530.0,1200.0
06/10/2025,731.3,Other,851.0,1476.0,1100.0
07/10/2025,336.5,Other,861.0,1500.0,1151.0
09/10/2025,584.4,Other,821.0,1400.0,1051.0
13/10/2025,2361.6,Other,811.0,1316.0,975.0
14/10/2025,413.9,Other,805.0,1306.0,961.0
15/10/2025,484.2,Other,801.0,1366.0,1075.0
16/10/2025,429.7,Other,805.0,1359.0,1030.0
18/10/2025,142.8,Other,800.0,1400.0,1100.0
27/10/2025,93.7,Other,1072.0,1801.0,1451.0
28/10/2025,100.0,Other,1100.0,1850.0,1475.0
Market Name : Gangapur APMC
02/10/2025,317.0,Other,100.0,1551.0,1040.0
03/10/2025,495.5,Other,100.0,1900.0,1000.0
06/10/2025,706.0,Other,100.0,1465.0,920.0
07/10/2025,710.5,Other,100.0,1350.0,920.0
08/10/2025,562.0,Other,100.0,1365.0,900.0
11/10/2025,152.5,Other,100.0,1345.0,950.0
13/10/2025,1836.0,Other,100.0,1355.0,950.0
14/10/2025,536.0,Other,100.0,1500.0,950.0
15/10/2025,532.5,Other,100.0,1400.0,960.0
25/10/2025,115.5,Other,135.0,1680.0,1280.0
27/10/2025,455.0,Other,150.0,1850.0,1350.0
28/10/2025,362.5,Other,150.0,1750.0,1240.0
29/10/2025,350.5,Other,300.0,1725.0,1320.0
30/10/2025,298.0,Other,100.0,1900.0,1360.0
31/10/2025,473.0,Other,320.0,2205.0,1425.0
Market Name : HINGNA - APMC
01/10/2025,0.1,Red,2000.0,2000.0,2000.0
03/10/2025,0.3,Red,2000.0,2000.0,2000.0
04/10/2025,0.1,Red,2000.0,2000.0,2000.0
06/10/2025,1.5,Red,1300.0,2000.0,1766.0
07/10/2025,1.0,Red,1500.0,2000.0,1750.0
08/10/2025,0.3,Red,2000.0,2000.0,2000.0
09/10/2025,0.3,Red,2000.0,2000.0,2000.0
11/10/2025,0.1,Red,2000.0,2000.0,2000.0
13/10/2025,1.5,Red,1200.0,2000.0,1675.0
14/10/2025,0.1,Red,2000.0,2000.0,2000.0
18/10/2025,1.2,Red,1200.0,1200.0,1200.0
20/10/2025,0.7,Red,1500.0,2000.0,1833.0
27/10/2025,1.5,Red,1000.0,2000.0,1650.0
28/10/2025,0.8,Red,1000.0,3000.0,2066.0
29/10/2025,0.8,Red,1200.0,2000.0,1600.0
31/10/2025,0.4,Red,1500.0,1500.0,1500.0
Market Name : Indapur APMC
02/10/2025,8.2,Red,200.0,1500.0,1100.0
03/10/2025,9.2,Red,200.0,1800.0,1100.0
07/10/2025,8.4,Red,200.0,1700.0,1200.0
13/10/2025,154.0,Red,200.0,1700.0,1000.0
14/10/2025,18.8,Red,200.0,1600.0,900.0
16/10/2025,25.5,Red,200.0,1600.0,900.0
17/10/2025,30.8,Red,200.0,1500.0,700.0
Market Name : Islampur APMC
03/10/2025,7.5,Local,1000.0,1600.0,1350.0
07/10/2025,7.5,Local,1000.0,1200.0,1100.0
09/10/2025,7.5,Local,1000.0,1600.0,1300.0
12/10/2025,7.5,Local,500.0,1400.0,1000.0
13/10/2025,7.5,Local,500.0,1400.0,1000.0
14/10/2025,7.5,Local,500.0,1500.0,1000.0
16/10/2025,5.0,Local,500.0,1500.0,1000.0
17/10/2025,15.0,Local,500.0,1600.0,1000.0
28/10/2025,1.5,Local,1000.0,2100.0,1650.0
31/10/2025,5.0,Local,500.0,1800.0,1100.0
Market Name : Jalana APMC
06/10/2025,51.2,Other,300.0,1500.0,800.0
Market Name : Jalgaon APMC
01/10/2025,37.2,Red,337.0,1437.0,875.0
03/10/2025,41.8,Red,375.0,1500.0,837.0
06/10/2025,39.2,Red,350.0,1500.0,950.0
07/10/2025,48.6,Red,375.0,1400.0,875.0
08/10/2025,62.5,Red,387.0,1377.0,877.0
09/10/2025,57.5,Red,350.0,1250.0,775.0
11/10/2025,59.6,Red,400.0,1225.0,812.0
13/10/2025,58.5,Red,375.0,1400.0,900.0
14/10/2025,44.5,Red,300.0,1250.0,775.0
15/10/2025,65.7,Red,377.0,1352.0,850.0
16/10/2025,62.5,Red,375.0,1200.0,787.0
27/10/2025,43.7,Red,500.0,1792.0,1137.0
28/10/2025,63.5,Red,500.0,1387.0,950.0
30/10/2025,55.2,Red,377.0,1500.0,927.0
31/10/2025,52.1,Red,550.0,1552.0,1025.0
Market Name : Jamkhed APMC
02/10/2025,40.0,Local,100.0,1500.0,800.0
07/10/2025,35.4,Local,100.0,1200.0,650.0
09/10/2025,12.3,Local,150.0,1400.0,775.0
14/10/2025,32.0,Local,150.0,1400.0,775.0
16/10/2025,22.7,Local,100.0,1400.0,750.0
18/10/2025,15.1,Local,100.0,1300.0,700.0
28/10/2025,14.7,Local,150.0,1400.0,775.0
30/10/2025,10.8,Local,150.0,1750.0,950.0
Market Name : Junnar APMC
26/10/2025,603.9,Other,500.0,2210.0,1800.0
30/10/2025,1008.9,Other,500.0,2000.0,1500.0
Market Name : Junnar(Alephata) APMC
03/10/2025,701.4,Other,900.0,1750.0,1200.0
07/10/2025,1099.1,Other,900.0,1710.0,1500.0
12/10/2025,1066.8,Other,900.0,1650.0,1300.0
14/10/2025,1262.5,Other,1000.0,1640.0,1350.0
17/10/2025,1201.6,Other,1000.0,1610.0,1340.0
19/10/2025,768.0,Other,1000.0,1661.0,1350.0
28/10/2025,1169.7,Other,1200.0,20000.0,1550.0
Market Name : Junnar(Narayangaon) APMC
03/10/2025,2.4,Other,300.0,1400.0,850.0
04/10/2025,1.8,Other,300.0,1300.0,750.0
05/10/2025,2.4,Other,300.0,1700.0,1200.0
06/10/2025,2.8,Other,300.0,1600.0,1200.0
08/10/2025,4.6,Other,200.0,1510.0,900.0
12/10/2025,2.0,Other,300.0,1200.0,850.0
13/10/2025,7.2,Other,300.0,1500.0,900.0
16/10/2025,2.2,Other,300.0,1300.0,850.0
18/10/2025,2.0,Other,300.0,1500.0,850.0
26/10/2025,2.8,Other,300.0,1600.0,1100.0
30/10/2025,3.5,Other,300.0,1600.0,1200.0
31/10/2025,4.4,Other,300.0,1700.0,1200.0
Market Name : Junnar(Otur) APMC
02/10/2025,1468.9,Other,1000.0,1650.0,1250.0
05/10/2025,1287.6,Other,1000.0,1810.0,1400.0
06/10/2025,1284.5,Other,800.0,1810.0,1200.0
12/10/2025,1847.4,Other,700.0,1650.0,1200.0
16/10/2025,1529.9,Other,600.0,1650.0,1200.0
26/10/2025,1471.6,Other,1000.0,2100.0,1550.0
30/10/2025,1744.0,Other,1000.0,2000.0,1800.0
Market Name : Kalvan APMC
03/10/2025,1130.0,Other,250.0,1650.0,950.0
04/10/2025,1430.0,Other,250.0,1900.0,1000.0
06/10/2025,2090.0,Other,300.0,1850.0,1050.0
07/10/2025,2505.0,Other,300.0,1800.0,1000.0
09/10/2025,2140.0,Other,150.0,1750.0,1000.0
11/10/2025,1495.0,Other,300.0,1775.0,1000.0
13/10/2025,2320.0,Other,350.0,1750.0,950.0
14/10/2025,2615.0,Other,301.0,1700.0,901.0
15/10/2025,1260.0,Other,250.0,1700.0,1050.0
16/10/2025,2275.0,Other,200.0,1701.0,951.0
17/10/2025,695.0,Other,200.0,1500.0,900.0
27/10/2025,1425.0,Other,380.0,2005.0,1200.0
28/10/2025,925.0,Other,400.0,2050.0,1250.0
29/10/2025,875.0,Other,350.0,2150.0,1201.0
30/10/2025,1750.0,Other,500.0,2450.0,1201.0
31/10/2025,665.0,Other,700.0,2440.0,1400.0
Market Name : Kalyan APMC
02/10/2025,0.6,1st Sort,1200.0,1300.0,1250.0
,,2nd Sort,1000.0,1100.0,1050.0
06/10/2025,0.6,2nd Sort,1200.0,1300.0,1250.0
,,1st Sort,1400.0,1600.0,1500.0
07/10/2025,0.6,1st Sort,1400.0,1600.0,1500.0
,,2nd Sort,1200.0,1300.0,1250.0
08/10/2025,0.6,2nd Sort,800.0,1100.0,950.0
,,1st Sort,1300.0,1500.0,1400.0
09/10/2025,0.6,2nd Sort,800.0,1100.0,950.0
,,1st Sort,1300.0,1500.0,1400.0
11/10/2025,0.6,2nd Sort,900.0,1300.0,1100.0
,,1st Sort,1400.0,1500.0,1450.0
12/10/2025,0.6,2nd Sort,900.0,1300.0,1100.0
,,1st Sort,1400.0,1500.0,1450.0
13/10/2025,0.6,2nd Sort,800.0,1000.0,900.0
,,1st Sort,1100.0,1300.0,1200.0
14/10/2025,0.6,1st Sort,1100.0,1300.0,1200.0
,,2nd Sort,800.0,1000.0,900.0
15/10/2025,0.6,2nd Sort,400.0,600.0,500.0
,,1st Sort,1300.0,1400.0,1350.0
16/10/2025,0.6,1st Sort,1400.0,1500.0,1450.0
,,2nd Sort,900.0,1300.0,1100.0
17/10/2025,0.6,2nd Sort,500.0,800.0,650.0
,,1st Sort,1000.0,1500.0,1250.0
27/10/2025,0.6,2nd Sort,600.0,800.0,700.0
,,1st Sort,1200.0,1600.0,1400.0
28/10/2025,0.6,1st Sort,1700.0,1800.0,1750.0
,,2nd Sort,1500.0,1600.0,1550.0
29/10/2025,0.6,1st Sort,1600.0,1700.0,1650.0
,,2nd Sort,1400.0,1500.0,1450.0
30/10/2025,0.6,2nd Sort,1400.0,1500.0,1450.0
,,1st Sort,1600.0,1700.0,1650.0
31/10/2025,0.6,2nd Sort,600.0,800.0,700.0
,,1st Sort,1200.0,1600.0,1400.0
Market Name : Kamthi APMC
02/10/2025,2.6,Local,1510.0,2010.0,1760.0
03/10/2025,1.2,Local,1510.0,2010.0,1760.0
04/10/2025,0.4,Local,1510.0,2010.0,1760.0
06/10/2025,1.1,Local,1520.0,2020.0,1770.0
07/10/2025,0.5,Local,1510.0,2010.0,1760.0
08/10/2025,3.0,Local,1520.0,2020.0,1770.0
09/10/2025,10.0,Local,1540.0,2040.0,1790.0
10/10/2025,3.7,Local,1540.0,2040.0,1790.0
12/10/2025,1.0,Local,1540.0,2040.0,1790.0
13/10/2025,0.8,Local,1520.0,2020.0,1770.0
14/10/2025,1.6,Local,1520.0,2020.0,1770.0
15/10/2025,0.2,Local,1520.0,2020.0,1770.0
16/10/2025,0.4,Local,1520.0,2020.0,1770.0
17/10/2025,5.2,Local,1540.0,3040.0,2290.0
19/10/2025,2.1,Local,1520.0,2020.0,1770.0
20/10/2025,2.8,Local,1520.0,2020.0,1770.0
22/10/2025,1.5,Local,1000.0,2000.0,1500.0
23/10/2025,0.6,Local,1000.0,2000.0,1500.0
24/10/2025,0.8,Local,1520.0,2020.0,1770.0
28/10/2025,1.2,Local,1530.0,2030.0,1780.0
29/10/2025,0.6,Local,1530.0,2030.0,1780.0
30/10/2025,0.2,Local,1530.0,2030.0,1780.0
31/10/2025,0.4,Local,1530.0,2030.0,1780.0
Market Name : Karad APMC
01/10/2025,15.0,Other,500.0,1500.0,1500.0
04/10/2025,9.9,Other,500.0,1600.0,1600.0
06/10/2025,15.0,Other,600.0,1600.0,1600.0
07/10/2025,9.9,Other,500.0,1300.0,1300.0
08/10/2025,15.0,Other,300.0,1600.0,1600.0
09/10/2025,19.8,Other,500.0,1700.0,1700.0
12/10/2025,24.9,Other,500.0,1700.0,1700.0
13/10/2025,12.3,Other,500.0,1600.0,1600.0
14/10/2025,15.0,Other,500.0,1400.0,1400.0
15/10/2025,12.3,Other,1000.0,1600.0,1600.0
16/10/2025,7.5,Other,500.0,1500.0,1500.0
18/10/2025,7.5,Other,500.0,1500.0,1500.0
26/10/2025,15.0,Other,500.0,1500.0,1500.0
27/10/2025,19.8,Other,1000.0,2000.0,2000.0
28/10/2025,15.0,Other,500.0,1300.0,1300.0
29/10/2025,9.9,Other,1000.0,1800.0,1800.0
30/10/2025,15.0,Other,400.0,1600.0,1600.0
Market Name : Karjat APMC
01/10/2025,20.6,Local,200.0,1200.0,800.0
03/10/2025,13.8,Local,200.0,1200.0,800.0
06/10/2025,35.0,Local,300.0,1400.0,850.0
08/10/2025,40.6,Local,200.0,1200.0,800.0
09/10/2025,5.4,Local,300.0,1300.0,900.0
10/10/2025,11.2,Local,200.0,1200.0,800.0
15/10/2025,72.9,Local,300.0,1400.0,800.0
16/10/2025,77.9,Local,300.0,1400.0,800.0
23/10/2025,66.9,Local,300.0,1200.0,800.0
28/10/2025,30.5,Local,300.0,1200.0,800.0
29/10/2025,30.5,Local,300.0,1200.0,800.0
31/10/2025,10.3,Local,200.0,1400.0,800.0
Market Name : Khed(Chakan) APMC
01/10/2025,50.0,Other,800.0,1200.0,1000.0
02/10/2025,20.0,Other,700.0,1200.0,1000.0
03/10/2025,20.0,Other,700.0,1200.0,1000.0
07/10/2025,22.5,Other,700.0,1400.0,1100.0
08/10/2025,100.0,Other,800.0,1500.0,1200.0
09/10/2025,22.5,Other,700.0,1400.0,1200.0
10/10/2025,40.0,Other,800.0,1400.0,1200.0
11/10/2025,150.0,Other,800.0,1500.0,1000.0
12/10/2025,40.0,Other,800.0,1400.0,1000.0
14/10/2025,40.0,Other,800.0,1400.0,1200.0
15/10/2025,100.0,Other,800.0,1400.0,1200.0
16/10/2025,22.5,Other,600.0,1400.0,1200.0
17/10/2025,20.0,Other,600.0,1400.0,1100.0
18/10/2025,125.0,Other,800.0,1400.0,1000.0
19/10/2025,22.5,Other,700.0,1400.0,1100.0
25/10/2025,125.0,Other,800.0,1500.0,1000.0
28/10/2025,25.0,Other,800.0,1600.0,1300.0
29/10/2025,70.0,Other,800.0,1500.0,1200.0
30/10/2025,25.0,Other,800.0,1400.0,1200.0
31/10/2025,25.0,Other,1000.0,1500.0,1200.0
Market Name : Kolhapur APMC
01/10/2025,310.7,Other,400.0,1800.0,900.0
03/10/2025,108.4,Other,400.0,1900.0,1000.0
04/10/2025,411.2,Other,500.0,2100.0,1000.0
06/10/2025,730.5,Other,500.0,2000.0,1000.0
07/10/2025,426.2,Other,500.0,2000.0,1000.0
08/10/2025,610.7,Other,500.0,2000.0,1000.0
09/10/2025,500.4,Other,500.0,1600.0,1000.0
13/10/2025,368.4,Other,500.0,1800.0,900.0
14/10/2025,211.0,Other,500.0,1700.0,900.0
15/10/2025,377.6,Other,400.0,1800.0,800.0
16/10/2025,243.3,Other,500.0,1800.0,900.0
17/10/2025,417.2,Other,500.0,1800.0,900.0
18/10/2025,665.0,Other,500.0,1800.0,1000.0
22/10/2025,411.5,Other,500.0,1800.0,1000.0
23/10/2025,139.8,Other,400.0,1600.0,800.0
24/10/2025,137.6,Other,400.0,2000.0,900.0
27/10/2025,456.4,Other,500.0,2100.0,1000.0
28/10/2025,443.4,Other,500.0,2100.0,900.0
29/10/2025,436.4,Other,500.0,2100.0,900.0
30/10/2025,555.0,Other,500.0,2000.0,1000.0
31/10/2025,410.0,Other,500.0,2100.0,1000.0
Market Name : Kopargaon APMC
01/10/2025,385.6,Other,500.0,1295.0,990.0
03/10/2025,414.4,Other,500.0,1411.0,1075.0
04/10/2025,537.6,Other,500.0,1450.0,995.0
06/10/2025,324.8,Other,500.0,1339.0,1000.0
07/10/2025,684.8,Other,500.0,1471.0,1005.0
08/10/2025,704.0,Other,500.0,1351.0,990.0
09/10/2025,600.0,Other,500.0,1341.0,975.0
13/10/2025,382.4,Other,500.0,1312.0,900.0
14/10/2025,609.6,Other,500.0,1304.0,900.0
15/10/2025,523.2,Other,500.0,1351.0,900.0
16/10/2025,440.0,Other,500.0,1310.0,925.0
27/10/2025,123.2,Other,500.0,1600.0,1200.0
28/10/2025,318.4,Other,500.0,1619.0,1175.0
29/10/2025,262.4,Other,500.0,1650.0,1175.0
30/10/2025,299.2,Other,500.0,1718.0,1250.0
31/10/2025,358.4,Other,500.0,2000.0,1425.0
Market Name : Kurdwadi(Modnimb) APMC
13/10/2025,26.8,Red,100.0,1400.0,700.0
16/10/2025,3.4,Red,200.0,1270.0,800.0
30/10/2025,2.3,Red,600.0,2000.0,1400.0
Market Name : Lasalgaon APMC
02/10/2025,520.6,Other,600.0,1601.0,1200.0
03/10/2025,887.6,Other,500.0,1601.0,1200.0
04/10/2025,632.0,Other,500.0,1600.0,1180.0
06/10/2025,1457.2,Other,500.0,1560.0,1151.0
07/10/2025,1410.0,Other,500.0,1503.0,1100.0
08/10/2025,1278.4,Other,500.0,1500.0,1070.0
09/10/2025,86.2,Other,500.0,1470.0,1080.0
13/10/2025,1458.4,Other,500.0,1500.0,1100.0
14/10/2025,1586.2,Other,600.0,1500.0,1060.0
15/10/2025,1633.4,Other,400.0,1500.0,1050.0
16/10/2025,1722.2,Other,400.0,1480.0,1075.0
24/10/2025,145.2,Other,400.0,1414.0,1100.0
27/10/2025,436.8,Other,501.0,1600.0,1280.0
28/10/2025,777.8,Other,600.0,1800.0,1350.0
29/10/2025,889.0,Other,500.0,1852.0,1451.0
30/10/2025,768.2,Other,500.0,2152.0,1550.0
31/10/2025,991.8,Other,700.0,2600.0,1710.0
Market Name : Lasalgaon(Niphad) APMC
01/10/2025,399.0,Other,400.0,1200.0,1000.0
03/10/2025,271.5,Other,400.0,1250.0,1141.0
04/10/2025,480.0,Other,400.0,1291.0,1175.0
06/10/2025,676.5,Other,400.0,1245.0,1100.0
07/10/2025,700.5,Other,400.0,1266.0,1100.0
08/10/2025,867.0,Other,411.0,1221.0,1050.0
09/10/2025,775.5,Other,400.0,1200.0,1000.0
13/10/2025,631.5,Other,300.0,1200.0,1020.0
14/10/2025,619.5,Other,400.0,1240.0,1100.0
15/10/2025,586.5,Other,400.0,1210.0,1050.0
16/10/2025,486.0,Other,400.0,1200.0,1050.0
18/10/2025,217.5,Other,400.0,1200.0,1050.0
27/10/2025,267.0,Other,500.0,1500.0,1300.0
28/10/2025,276.0,Other,500.0,1600.0,1400.0
29/10/2025,241.5,Other,500.0,1500.0,1400.0
30/10/2025,228.0,Other,500.0,1575.0,1450.0
31/10/2025,210.0,Other,500.0,1799.0,1650.0
Market Name : Lasalgaon(Vinchur) APMC
01/10/2025,250.0,Other,400.0,1453.0,1150.0
02/10/2025,441.7,Other,400.0,1625.0,1175.0
03/10/2025,745.5,Other,400.0,1521.0,1200.0
04/10/2025,1081.9,Other,400.0,1452.0,1150.0
06/10/2025,1385.7,Other,400.0,1475.0,1100.0
07/10/2025,1253.9,Other,400.0,1400.0,1080.0
08/10/2025,1164.0,Other,400.0,1501.0,1050.0
09/10/2025,1086.5,Other,400.0,1332.0,1030.0
13/10/2025,1216.7,Other,400.0,1256.0,1040.0
14/10/2025,1267.9,Other,400.0,1370.0,1050.0
15/10/2025,1489.5,Other,400.0,1400.0,1040.0
22/10/2025,482.0,Other,351.0,1156.0,970.0
27/10/2025,380.0,Other,400.0,1550.0,1250.0
28/10/2025,725.4,Other,500.0,1601.0,1350.0
29/10/2025,754.8,Other,500.0,1621.0,1400.0
30/10/2025,767.2,Other,500.0,1850.0,1550.0
31/10/2025,1036.9,Other,500.0,2111.0,1620.0
Market Name : Lasur Station APMC
02/10/2025,550.0,Other,100.0,1418.0,900.0
03/10/2025,670.0,Other,150.0,1406.0,850.0
04/10/2025,1040.0,Other,100.0,1355.0,800.0
06/10/2025,1010.0,Other,100.0,1351.0,800.0
07/10/2025,980.0,Other,165.0,1351.0,800.0
08/10/2025,985.0,Other,100.0,1325.0,775.0
13/10/2025,2600.0,Other,100.0,1375.0,850.0
14/10/2025,770.0,Other,100.0,1466.0,850.0
15/10/2025,750.0,Other,100.0,1280.0,825.0
16/10/2025,920.0,Other,100.0,1365.0,850.0
18/10/2025,729.0,Other,100.0,1310.0,775.0
22/10/2025,330.0,Other,100.0,1305.0,800.0
27/10/2025,820.0,Other,200.0,1587.0,1100.0
28/10/2025,730.0,Other,100.0,1701.0,1200.0
29/10/2025,710.0,Other,100.0,1600.0,1100.0
30/10/2025,650.0,Other,250.0,1775.0,1200.0
31/10/2025,640.0,Other,125.0,2000.0,1400.0
"Market Name : Laxmi-Sopan Agriculture Produce Marketing Co Ltd, Barshi, Dist Solapur"
02/10/2025,6.5,Other,600.0,1800.0,1200.0
03/10/2025,10.3,Other,500.0,1400.0,900.0
04/10/2025,3.5,Other,500.0,1300.0,900.0
06/10/2025,13.8,Other,500.0,1300.0,900.0
07/10/2025,6.9,Other,500.0,1400.0,900.0
08/10/2025,10.8,Other,500.0,1300.0,900.0
09/10/2025,5.7,Other,400.0,1300.0,800.0
11/10/2025,4.7,Other,400.0,1300.0,900.0
13/10/2025,19.6,Other,500.0,1400.0,1000.0
18/10/2025,14.4,Other,500.0,1400.0,1000.0
20/10/2025,1.5,Other,400.0,1000.0,700.0
25/10/2025,2.3,Other,600.0,1500.0,1000.0
27/10/2025,4.7,Other,600.0,1800.0,1300.0
29/10/2025,6.3,Other,600.0,1500.0,1100.0
30/10/2025,3.5,Other,500.0,1200.0,800.0
31/10/2025,7.5,Other,600.0,1500.0,1000.0
Market Name : Lonand APMC
03/10/2025,242.5,Red,500.0,1300.0,900.0
06/10/2025,395.0,Red,500.0,1300.0,950.0
13/10/2025,2630.0,Red,100.0,1200.0,850.0
16/10/2025,25.0,Red,400.0,800.0,550.0
27/10/2025,382.5,Red,500.0,1700.0,1100.0
"Market Name : Malharshree Khajgi Krushi Utpann Bajar, Chandanpuri Tal Malegaon, Nashik"
06/10/2025,132.2,Other,312.0,1277.0,945.0
16/10/2025,160.8,Other,345.0,1055.0,905.0
30/10/2025,39.3,Other,487.0,1431.0,1089.0
Market Name : Malkapur APMC
07/10/2025,45.5,Local,300.0,1100.0,950.0
09/10/2025,24.2,Local,400.0,1100.0,800.0
14/10/2025,26.0,Local,500.0,1000.0,700.0
28/10/2025,17.7,Local,405.0,1430.0,1175.0
30/10/2025,3.0,Local,750.0,1300.0,1200.0
Market Name : Manchar APMC
02/10/2025,912.6,Other,1450.0,1700.0,1600.0
12/10/2025,1599.5,Other,1250.0,1510.0,1380.0
14/10/2025,1021.9,Other,1250.0,1510.0,1400.0
16/10/2025,847.7,Other,1250.0,1550.0,1400.0
28/10/2025,1377.5,Other,1500.0,1840.0,1700.0
30/10/2025,1265.8,Other,1600.0,2000.0,1800.0
Market Name : Mangal Wedha APMC
01/10/2025,8.6,Local,200.0,1750.0,1600.0
02/10/2025,0.4,Local,400.0,1350.0,1000.0
03/10/2025,4.6,Local,200.0,1870.0,1510.0
04/10/2025,2.8,Local,500.0,1750.0,1600.0
05/10/2025,4.1,Local,400.0,1700.0,1400.0
06/10/2025,21.5,Local,100.0,1775.0,1100.0
08/10/2025,9.2,Local,300.0,2100.0,1500.0
09/10/2025,2.9,Local,100.0,1600.0,1100.0
12/10/2025,1.9,Local,250.0,800.0,700.0
13/10/2025,21.0,Local,100.0,1700.0,1200.0
15/10/2025,10.2,Local,100.0,1500.0,1200.0
16/10/2025,4.3,Local,200.0,800.0,600.0
17/10/2025,14.9,Local,100.0,1400.0,800.0
18/10/2025,3.2,Local,100.0,1150.0,600.0
20/10/2025,3.3,Local,100.0,1300.0,1000.0
22/10/2025,3.0,Local,500.0,1300.0,1100.0
24/10/2025,1.4,Local,150.0,2300.0,1700.0
26/10/2025,7.2,Local,200.0,2100.0,1600.0
27/10/2025,11.1,Local,250.0,2300.0,1700.0
29/10/2025,19.7,Local,200.0,2100.0,1500.0
30/10/2025,3.3,Local,300.0,1810.0,1100.0
31/10/2025,28.8,Local,200.0,1700.0,1200.0
Market Name : Manmad APMC
01/10/2025,90.0,Other,200.0,1254.0,1000.0
02/10/2025,126.6,Other,200.0,1232.0,1100.0
03/10/2025,119.7,Other,200.0,1300.0,1150.0
06/10/2025,290.5,Other,200.0,1151.0,1020.0
07/10/2025,231.3,Other,200.0,1216.0,1050.0
08/10/2025,229.8,Other,200.0,1191.0,1000.0
09/10/2025,226.0,Other,20.0,1144.0,100.0
10/10/2025,150.0,Other,300.0,1186.0,1000.0
11/10/2025,176.7,Other,200.0,1049.0,800.0
13/10/2025,1192.0,Other,200.0,1281.0,1050.0
14/10/2025,333.4,Other,211.0,1201.0,1050.0
15/10/2025,361.7,Other,266.0,1220.0,1050.0
16/10/2025,434.9,Other,201.0,1202.0,1000.0
17/10/2025,300.0,Other,200.0,1210.0,1000.0
27/10/2025,193.1,Other,200.0,1260.0,1100.0
28/10/2025,331.4,Other,200.0,1471.0,1230.0
29/10/2025,123.4,Other,1234.0,1450.0,1240.0
30/10/2025,217.1,Other,300.0,1416.0,1275.0
31/10/2025,179.8,Other,300.0,1618.0,1400.0
Market Name : Mumbai-Onion & Potato Market APMC
01/10/2025,1131.5,Other,900.0,1500.0,1200.0
03/10/2025,1003.5,Other,900.0,1400.0,1150.0
06/10/2025,1770.4,Other,900.0,1500.0,1200.0
07/10/2025,1005.1,Other,900.0,1400.0,1150.0
08/10/2025,1320.0,Other,900.0,1400.0,1150.0
09/10/2025,1047.7,Other,900.0,1500.0,1200.0
10/10/2025,1122.0,Other,800.0,1700.0,1250.0
11/10/2025,1376.8,Other,700.0,1700.0,1200.0
13/10/2025,1576.5,Other,700.0,1700.0,1200.0
14/10/2025,862.6,Other,700.0,1700.0,1200.0
15/10/2025,1080.4,Other,700.0,1600.0,1150.0
16/10/2025,930.9,Other,700.0,1700.0,1200.0
17/10/2025,842.8,Other,800.0,1800.0,1300.0
24/10/2025,692.9,Other,800.0,1800.0,1300.0
25/10/2025,832.4,Other,900.0,1800.0,1350.0
27/10/2025,1297.8,Other,1100.0,2000.0,1500.0
28/10/2025,1210.0,Other,1100.0,2000.0,1550.0
29/10/2025,1215.2,Other,1000.0,1900.0,1450.0
30/10/2025,981.1,Other,1000.0,1800.0,1400.0
31/10/2025,926.5,Other,1000.0,1800.0,1400.0
Market Name : Nagpur APMC
01/10/2025,158.0,Red,1000.0,1400.0,1300.0
,,White,1500.0,1800.0,1725.0
04/10/2025,168.0,Red,1000.0,1400.0,1300.0
,,White,1000.0,1600.0,1450.0
06/10/2025,196.0,White,1200.0,1600.0,1500.0
,,Red,1000.0,1600.0,1450.0
07/10/2025,252.0,White,1500.0,2000.0,1875.0
,,Red,1000.0,1500.0,1325.0
08/10/2025,578.0,Red,1000.0,1500.0,1375.0
,,White,1500.0,2000.0,1875.0
09/10/2025,420.0,Red,1000.0,1500.0,1375.0
,,White,1500.0,2000.0,1875.0
13/10/2025,266.0,Red,1000.0,1400.0,1325.0
,,White,1400.0,2000.0,1725.0
15/10/2025,294.0,Red,1000.0,1400.0,1325.0
,,White,1500.0,2000.0,1875.0
16/10/2025,336.0,White,1500.0,2000.0,1875.0
,,Red,1000.0,1500.0,1325.0
18/10/2025,252.0,Red,1000.0,1400.0,1325.0
,,White,1500.0,2000.0,1875.0
20/10/2025,182.0,Red,1000.0,1400.0,1300.0
,,White,1500.0,2000.0,1875.0
26/10/2025,120.0,Red,1000.0,1500.0,1325.0
,,White,1400.0,1600.0,1500.0
27/10/2025,140.0,Red,1000.0,1400.0,1325.0
,,White,1600.0,2000.0,1800.0
28/10/2025,238.0,Red,1200.0,1600.0,1500.0
,,White,1600.0,2000.0,1900.0
29/10/2025,252.0,White,1400.0,2000.0,1600.0
,,Red,1000.0,1800.0,1600.0
30/10/2025,224.0,White,1600.0,2000.0,1900.0
,,Red,1400.0,1800.0,1700.0
Market Name : Nampur APMC
01/10/2025,1000.0,Other,300.0,1475.0,1150.0
03/10/2025,1200.0,Other,300.0,1455.0,1150.0
06/10/2025,1268.7,Other,300.0,1505.0,1100.0
07/10/2025,855.8,Other,300.0,1330.0,1000.0
08/10/2025,837.7,Other,250.0,1230.0,1000.0
09/10/2025,808.5,Other,200.0,1275.0,1000.0
13/10/2025,3193.6,Other,200.0,1260.0,900.0
14/10/2025,670.7,Other,250.0,1507.0,900.0
15/10/2025,772.4,Other,250.0,1400.0,1000.0
16/10/2025,796.6,Other,250.0,1300.0,1000.0
17/10/2025,912.9,Other,120.0,1340.0,1100.0
28/10/2025,383.3,Other,290.0,1555.0,1400.0
29/10/2025,363.8,Other,270.0,1800.0,1400.0
30/10/2025,528.5,Other,400.0,2050.0,1400.0
31/10/2025,8.2,Other,1145.0,1252.0,1195.0
Market Name : Nandgaon APMC
03/10/2025,584.7,Other,100.0,1600.0,1050.0
06/10/2025,1010.4,Other,100.0,1400.0,950.0
07/10/2025,744.0,Other,100.0,1400.0,850.0
08/10/2025,620.5,Other,100.0,1501.0,850.0
13/10/2025,2686.4,Other,100.0,1355.0,950.0
14/10/2025,559.8,Other,100.0,1180.0,850.0
15/10/2025,595.9,Other,100.0,1255.0,750.0
16/10/2025,670.3,Other,100.0,1345.0,750.0
27/10/2025,544.7,Other,120.0,1600.0,1050.0
28/10/2025,556.6,Other,100.0,1600.0,1250.0
30/10/2025,473.6,Other,170.0,1652.0,1150.0
31/10/2025,497.8,Other,100.0,1751.0,1350.0
Market Name : Nasik APMC
02/10/2025,137.0,Other,250.0,1400.0,850.0
03/10/2025,126.7,Other,300.0,1500.0,1100.0
04/10/2025,299.0,Other,300.0,1551.0,1200.0
06/10/2025,425.5,Other,400.0,1500.0,1100.0
07/10/2025,386.0,Other,300.0,1551.0,1150.0
08/10/2025,399.0,Other,250.0,1300.0,900.0
09/10/2025,370.5,Other,200.0,1311.0,850.0
11/10/2025,475.0,Other,200.0,1201.0,800.0
13/10/2025,376.5,Other,150.0,1200.0,750.0
14/10/2025,372.9,Other,250.0,1300.0,800.0
15/10/2025,360.1,Other,200.0,1251.0,801.0
16/10/2025,274.2,Other,260.0,1211.0,780.0
18/10/2025,223.0,Other,250.0,1450.0,850.0
28/10/2025,205.5,Other,400.0,1650.0,1250.0
29/10/2025,165.5,Other,350.0,1621.0,1300.0
30/10/2025,179.5,Other,300.0,1575.0,1250.0
31/10/2025,214.0,Other,450.0,1600.0,1300.0
Market Name : Newasa(Ghodegaon) APMC
04/10/2025,2786.3,Other,300.0,1700.0,1000.0
08/10/2025,3253.5,Other,300.0,1800.0,1000.0
13/10/2025,6997.2,Other,300.0,1600.0,900.0
15/10/2025,4021.3,Other,300.0,1500.0,900.0
29/10/2025,3096.5,Other,500.0,2000.0,1200.0
"Market Name : Omchatinya Multi State Agro Purpose Co-Op Society, Dist Ahilyanagar"
03/10/2025,120.54,Other,100.0,1800.0,1050.0
05/10/2025,234.31,Other,100.0,1800.0,1000.0
07/10/2025,199.0,Other,100.0,1800.0,1000.0
12/10/2025,230.89,Other,100.0,1700.0,850.0
14/10/2025,214.24,Other,100.0,1700.0,850.0
26/10/2025,66.02,Other,200.0,2200.0,1300.0
28/10/2025,146.99,Other,100.0,2100.0,1150.0
31/10/2025,150.93,Other,100.0,2200.0,1300.0
Market Name : Paithan APMC
03/10/2025,172.9,Other,200.0,1500.0,1150.0
04/10/2025,63.0,Other,200.0,1100.0,950.0
06/10/2025,71.9,Other,255.0,1170.0,1005.0
08/10/2025,504.5,Other,250.0,1500.0,1250.0
13/10/2025,188.8,Other,190.0,1040.0,900.0
16/10/2025,58.4,Other,100.0,940.0,825.0
27/10/2025,38.7,Other,420.0,1510.0,1250.0
29/10/2025,261.7,Other,200.0,1650.0,1250.0
Market Name : Pandharpur APMC
30/10/2025,65.6,Red,200.0,1800.0,1300.0
Market Name : Paranda APMC
14/10/2025,13.2,Red,400.0,900.0,500.0
15/10/2025,34.5,Red,200.0,1200.0,600.0
28/10/2025,6.9,Red,500.0,1200.0,900.0
Market Name : Parner APMC
01/10/2025,760.2,Other,200.0,1800.0,1400.0
03/10/2025,290.0,Other,200.0,1800.0,1050.0
05/10/2025,712.1,Other,200.0,1800.0,1075.0
08/10/2025,930.7,Other,200.0,1900.0,1125.0
12/10/2025,1248.6,Other,200.0,1800.0,1075.0
15/10/2025,1197.3,Other,200.0,1800.0,1050.0
22/10/2025,387.3,Other,200.0,1800.0,1150.0
26/10/2025,684.3,Other,200.0,2500.0,1450.0
29/10/2025,2101.2,Other,200.0,2200.0,1400.0
31/10/2025,1355.2,Other,200.0,2300.0,1450.0
Market Name : Pathardi APMC
08/10/2025,109.2,Red,200.0,1500.0,900.0
12/10/2025,84.0,Red,200.0,1500.0,900.0
14/10/2025,5.0,Red,200.0,1200.0,700.0
29/10/2025,83.8,Red,200.0,2100.0,1150.0
31/10/2025,41.4,Red,200.0,2100.0,1200.0
Market Name : Phaltan APMC
07/10/2025,232.9,Hybrid,200.0,1580.0,1000.0
28/10/2025,101.4,Hybrid,200.0,2000.0,1200.0
Market Name : Pimpalgaon Baswant APMC
01/10/2025,1080.0,Other,450.0,1803.0,1250.0
02/10/2025,900.2,Other,450.0,1952.0,1250.0
03/10/2025,774.5,Other,450.0,1902.0,1300.0
06/10/2025,2250.0,Other,450.0,1800.0,1250.0
07/10/2025,1600.5,Other,500.0,1901.0,1200.0
08/10/2025,1510.6,Other,400.0,1818.0,1150.0
09/10/2025,1691.7,Other,475.0,1700.0,1100.0
10/10/2025,1500.0,Other,400.0,1700.0,1100.0
11/10/2025,1618.7,Other,450.0,1722.0,1100.0
13/10/2025,5915.6,Other,400.0,1702.0,1125.0
14/10/2025,1711.5,Other,400.0,2000.0,1150.0
15/10/2025,1741.8,Other,400.0,1560.0,1100.0
16/10/2025,1721.7,Other,400.0,2080.0,1100.0
17/10/2025,1330.0,Other,300.0,2011.0,1125.0
24/10/2025,372.6,Other,500.0,1758.0,1200.0
25/10/2025,284.4,Other,600.0,1671.0,1250.0
27/10/2025,687.2,Other,500.0,1899.0,1400.0
28/10/2025,820.7,Other,450.0,2100.0,1625.0
29/10/2025,1018.4,Other,500.0,2223.0,1600.0
30/10/2025,993.1,Other,450.0,2627.0,1750.0
31/10/2025,1183.5,Other,500.0,2699.0,1700.0
Market Name : Pimpalgaon Baswant(Saykheda) APMC
01/10/2025,294.0,Other,800.0,1500.0,1050.0
03/10/2025,312.0,Other,700.0,1311.0,1050.0
06/10/2025,613.9,Other,700.0,1201.0,950.0
07/10/2025,514.1,Other,700.0,1500.0,975.0
08/10/2025,584.9,Other,700.0,1400.0,950.0
09/10/2025,283.5,Other,650.0,1200.0,900.0
11/10/2025,690.6,Other,700.0,1415.0,950.0
13/10/2025,2239.6,Other,600.0,1200.0,900.0
14/10/2025,507.6,Other,650.0,1411.0,930.0
15/10/2025,595.9,Other,600.0,1461.0,950.0
16/10/2025,442.6,Other,600.0,1425.0,900.0
24/10/2025,275.0,Other,740.0,1401.0,1000.0
25/10/2025,120.3,Other,711.0,1167.0,950.0
27/10/2025,206.2,Other,920.0,1540.0,1175.0
28/10/2025,171.4,Other,931.0,1600.0,1275.0
29/10/2025,186.4,Other,950.0,1701.0,1300.0
30/10/2025,70.3,Other,1000.0,1801.0,1400.0
31/10/2025,168.9,Other,611.0,1801.0,1370.0
Market Name : Pune APMC
01/10/2025,675.3,Local,400.0,1600.0,1000.0
02/10/2025,742.4,Local,400.0,1600.0,1000.0
03/10/2025,436.7,Local,400.0,1600.0,1000.0
05/10/2025,1451.4,Local,400.0,1600.0,1000.0
06/10/2025,1072.4,Local,400.0,1600.0,1000.0
07/10/2025,1489.0,Local,400.0,1600.0,1000.0
08/10/2025,1373.3,Local,400.0,1500.0,950.0
09/10/2025,1230.7,Local,300.0,1500.0,900.0
12/10/2025,1385.5,Local,300.0,1500.0,900.0
13/10/2025,977.6,Local,300.0,1500.0,900.0
14/10/2025,1239.9,Local,300.0,1500.0,900.0
15/10/2025,1207.6,Local,300.0,1500.0,900.0
16/10/2025,1024.5,Local,300.0,1500.0,900.0
19/10/2025,1189.8,Local,300.0,1400.0,850.0
20/10/2025,569.6,Local,300.0,1400.0,850.0
21/10/2025,458.8,Local,400.0,1500.0,950.0
22/10/2025,472.3,Local,400.0,1500.0,950.0
24/10/2025,716.2,Local,400.0,1600.0,1000.0
26/10/2025,924.5,Local,600.0,2000.0,1300.0
27/10/2025,1137.0,Local,500.0,2000.0,1250.0
28/10/2025,1868.8,Local,400.0,1800.0,1100.0
29/10/2025,1482.1,Local,500.0,1800.0,1150.0
30/10/2025,1209.5,Local,500.0,1700.0,1100.0
31/10/2025,1227.4,Local,500.0,1800.0,1150.0
Market Name : Pune(Khadiki) APMC
02/10/2025,1.4,Local,1100.0,1200.0,1150.0
03/10/2025,1.7,Local,900.0,1200.0,1050.0
04/10/2025,2.8,Local,900.0,1200.0,1050.0
05/10/2025,1.3,Local,1200.0,1300.0,1250.0
06/10/2025,1.4,Local,800.0,1200.0,1000.0
07/10/2025,1.5,Local,700.0,1300.0,1000.0
08/10/2025,2.0,Local,1000.0,1200.0,1100.0
09/10/2025,2.3,Local,500.0,1200.0,850.0
13/10/2025,4.0,Local,1000.0,1100.0,1050.0
14/10/2025,2.1,Local,800.0,1200.0,1000.0
15/10/2025,2.8,Local,800.0,1200.0,1000.0
16/10/2025,3.7,Local,1000.0,1200.0,1100.0
17/10/2025,2.4,Local,700.0,1200.0,950.0
18/10/2025,1.7,Local,800.0,1100.0,950.0
19/10/2025,2.8,Local,500.0,1200.0,950.0
21/10/2025,2.9,Local,600.0,1100.0,850.0
22/10/2025,4.1,Local,600.0,1100.0,800.0
24/10/2025,2.8,Local,700.0,1000.0,850.0
26/10/2025,2.7,Local,600.0,1000.0,800.0
27/10/2025,1.5,Local,800.0,1000.0,900.0
28/10/2025,2.2,Local,700.0,1000.0,850.0
29/10/2025,2.1,Local,600.0,1000.0,800.0
30/10/2025,3.3,Local,700.0,1000.0,850.0
31/10/2025,1.9,Local,700.0,1300.0,1000.0
Market Name : Pune(Manjri) APMC
02/10/2025,3.6,Local,600.0,1000.0,800.0
03/10/2025,5.9,Local,650.0,1100.0,800.0
04/10/2025,7.0,Local,800.0,1200.0,1000.0
05/10/2025,8.1,Local,600.0,1200.0,900.0
06/10/2025,5.8,Local,3000.0,6000.0,5000.0
07/10/2025,7.0,Local,600.0,1200.0,900.0
08/10/2025,5.7,Local,400.0,1000.0,700.0
09/10/2025,5.7,Local,800.0,1200.0,1000.0
12/10/2025,5.3,Local,800.0,1200.0,1000.0
13/10/2025,6.7,Local,400.0,1200.0,800.0
14/10/2025,6.7,Local,400.0,1000.0,700.0
15/10/2025,5.1,Local,400.0,1200.0,800.0
16/10/2025,5.5,Local,400.0,1200.0,800.0
18/10/2025,4.8,Local,600.0,1000.0,800.0
20/10/2025,5.0,Local,600.0,1000.0,800.0
21/10/2025,1.8,Local,800.0,1200.0,1000.0
22/10/2025,2.0,Local,1000.0,1400.0,1200.0
23/10/2025,5.4,Local,600.0,1400.0,1000.0
26/10/2025,7.0,Local,800.0,1800.0,1300.0
28/10/2025,7.5,Local,800.0,1600.0,1200.0
29/10/2025,8.0,Local,800.0,1600.0,1200.0
30/10/2025,8.6,Local,600.0,1400.0,1000.0
31/10/2025,6.3,Local,400.0,1200.0,800.0
Market Name : Pune(Moshi) APMC
02/10/2025,53.3,Local,700.0,1500.0,1100.0
04/10/2025,84.8,Local,600.0,1500.0,1050.0
05/10/2025,86.6,Local,600.0,1500.0,1050.0
06/10/2025,97.8,Local,500.0,1600.0,1050.0
07/10/2025,69.4,Local,700.0,1600.0,1150.0
09/10/2025,131.1,Local,500.0,1500.0,1000.0
10/10/2025,82.0,Local,500.0,1300.0,900.0
12/10/2025,62.1,Local,400.0,1000.0,700.0
13/10/2025,45.6,Local,400.0,1000.0,700.0
14/10/2025,53.6,Local,300.0,1000.0,650.0
16/10/2025,105.0,Local,300.0,1000.0,650.0
17/10/2025,62.1,Local,400.0,1000.0,700.0
18/10/2025,71.7,Local,500.0,1000.0,750.0
19/10/2025,42.7,Local,300.0,1000.0,650.0
20/10/2025,31.1,Local,1100.0,3500.0,2300.0
21/10/2025,13.5,Local,400.0,1000.0,700.0
24/10/2025,26.2,Local,400.0,1200.0,800.0
26/10/2025,58.8,Local,500.0,1500.0,1000.0
27/10/2025,75.7,Local,700.0,1600.0,1150.0
28/10/2025,80.6,Local,700.0,1500.0,1100.0
30/10/2025,105.5,Local,500.0,1500.0,1000.0
31/10/2025,48.6,Local,400.0,1500.0,950.0
Market Name : Pune(Pimpri) APMC
01/10/2025,0.6,Local,1500.0,1500.0,1500.0
02/10/2025,0.3,Local,1300.0,1700.0,1500.0
03/10/2025,0.5,Local,1300.0,1600.0,1450.0
04/10/2025,1.8,Local,600.0,1400.0,1000.0
05/10/2025,1.7,Local,1200.0,1600.0,1400.0
06/10/2025,2.1,Local,600.0,1600.0,1100.0
07/10/2025,1.3,Local,1000.0,1400.0,1200.0
08/10/2025,2.4,Local,600.0,1600.0,1100.0
09/10/2025,0.8,Local,1000.0,1400.0,1200.0
10/10/2025,1.1,Local,1000.0,1300.0,1150.0
12/10/2025,3.5,Local,800.0,1500.0,1150.0
13/10/2025,1.1,Local,1200.0,1500.0,1350.0
14/10/2025,2.3,Local,1000.0,1400.0,1200.0
15/10/2025,0.8,Local,1000.0,1500.0,1250.0
16/10/2025,1.8,Local,1200.0,1500.0,1350.0
17/10/2025,1.1,Local,1200.0,1500.0,1350.0
18/10/2025,1.7,Local,800.0,1200.0,1000.0
19/10/2025,1.7,Local,600.0,1400.0,1000.0
20/10/2025,0.7,Local,1200.0,1200.0,1200.0
21/10/2025,0.4,Local,1200.0,1200.0,1200.0
22/10/2025,2.5,Local,1000.0,1600.0,1300.0
23/10/2025,0.5,Local,1200.0,1400.0,1300.0
24/10/2025,1.0,Local,1100.0,1500.0,1300.0
26/10/2025,2.1,Local,1000.0,1400.0,1200.0
27/10/2025,1.0,Local,1000.0,1600.0,1300.0
28/10/2025,0.8,Local,1400.0,2000.0,1700.0
29/10/2025,0.7,Local,1400.0,2000.0,1700.0
30/10/2025,1.6,Local,1000.0,1500.0,1250.0
31/10/2025,1.0,Local,1300.0,1700.0,1500.0
Market Name : Rahata APMC
03/10/2025,29.8,Other,200.0,1400.0,900.0
06/10/2025,34.6,Other,200.0,1242.0,900.0
07/10/2025,23.8,Other,200.0,1256.0,950.0
13/10/2025,17.1,Other,151.0,1126.0,800.0
16/10/2025,26.8,Other,125.0,1000.0,700.0
17/10/2025,556.1,Other,400.0,1600.0,1000.0
26/10/2025,156.1,Other,300.0,2000.0,1400.0
27/10/2025,2.9,Other,400.0,1151.0,800.0
28/10/2025,310.9,Other,300.0,2100.0,1300.0
31/10/2025,440.3,Other,300.0,2400.0,1400.0
Market Name : Rahuri APMC
03/10/2025,1743.2,Other,100.0,2005.0,1050.0
07/10/2025,2741.6,Other,100.0,2100.0,1100.0
13/10/2025,1648.5,Other,100.0,1750.0,925.0
14/10/2025,3354.8,Other,100.0,1900.0,1000.0
28/10/2025,2458.1,Other,100.0,2105.0,1100.0
31/10/2025,2555.3,Other,100.0,2305.0,1200.0
Market Name : Rahuri(Vambori) APMC
02/10/2025,606.5,Other,100.0,1600.0,1000.0
04/10/2025,417.3,Other,100.0,1500.0,1000.0
06/10/2025,602.6,Other,100.0,1600.0,1000.0
09/10/2025,751.4,Other,100.0,1600.0,1000.0
13/10/2025,697.0,Other,100.0,1600.0,900.0
16/10/2025,947.7,Other,100.0,1600.0,900.0
18/10/2025,262.1,Other,100.0,1600.0,900.0
30/10/2025,843.4,Other,100.0,2100.0,1300.0
Market Name : Ramtek APMC
01/10/2025,1.1,Other,1000.0,1500.0,1300.0
04/10/2025,1.0,Other,1200.0,1500.0,1400.0
05/10/2025,4.0,Other,1000.0,1400.0,1200.0
07/10/2025,1.0,Other,1000.0,1400.0,1200.0
08/10/2025,1.2,Other,1000.0,1500.0,1200.0
09/10/2025,2.7,Other,1000.0,1400.0,1200.0
12/10/2025,4.5,Other,1300.0,1500.0,1400.0
14/10/2025,1.5,Other,1400.0,1600.0,1500.0
15/10/2025,0.9,Other,1200.0,1500.0,1400.0
16/10/2025,3.5,Other,1500.0,1700.0,1600.0
18/10/2025,1.0,Other,1400.0,1600.0,1500.0
19/10/2025,3.0,Other,1300.0,1500.0,1400.0
25/10/2025,1.0,Other,1000.0,1500.0,1200.0
28/10/2025,0.5,Other,1500.0,1700.0,1600.0
29/10/2025,4.8,Other,1400.0,1600.0,1500.0
30/10/2025,2.5,Other,1600.0,1800.0,1700.0
Market Name : SHRI.SIDDHESHWAR  APMC
01/10/2025,1065.0,Red,100.0,2250.0,1100.0
03/10/2025,463.5,Red,100.0,2150.0,1150.0
04/10/2025,1463.1,Red,100.0,2225.0,1000.0
06/10/2025,1906.9,Red,100.0,2300.0,1050.0
07/10/2025,1616.4,White,100.0,3250.0,1700.0
,,Red,100.0,2100.0,1050.0
08/10/2025,1654.9,White,100.0,3500.0,1700.0
,,Red,100.0,2200.0,1000.0
09/10/2025,1751.6,White,200.0,3200.0,1500.0
,,Red,100.0,2100.0,1000.0
13/10/2025,1633.7,Red,100.0,2300.0,1100.0
14/10/2025,1680.2,Red,100.0,2025.0,950.0
15/10/2025,1557.5,Red,100.0,2300.0,900.0
16/10/2025,1354.8,Red,100.0,2200.0,950.0
17/10/2025,1701.2,Red,100.0,2200.0,900.0
18/10/2025,2154.3,Red,100.0,2100.0,900.0
27/10/2025,2236.8,Red,100.0,2500.0,1100.0
,,White,200.0,3200.0,1600.0
28/10/2025,1537.8,White,200.0,3500.0,1650.0
,,Red,100.0,2400.0,1100.0
29/10/2025,1983.4,Red,100.0,2200.0,1050.0
,,White,200.0,3200.0,1500.0
30/10/2025,1653.3,Red,100.0,2000.0,950.0
,,White,200.0,3000.0,1450.0
31/10/2025,1957.9,White,200.0,3100.0,1500.0
,,Red,100.0,2375.0,1000.0
Market Name : Sakri APMC
01/10/2025,1485.0,Other,600.0,1395.0,1000.0
02/10/2025,1169.5,Other,800.0,1365.0,1000.0
03/10/2025,1079.5,Other,600.0,1370.0,1100.0
04/10/2025,1410.0,Other,600.0,1390.0,1000.0
06/10/2025,1387.8,Other,600.0,1400.0,1100.0
08/10/2025,1414.6,Other,500.0,1300.0,900.0
09/10/2025,1281.4,Other,600.0,1240.0,800.0
13/10/2025,1105.0,Other,600.0,1250.0,850.0
14/10/2025,1145.0,Other,400.0,1200.0,850.0
15/10/2025,1146.0,Other,400.0,1200.0,800.0
16/10/2025,1175.0,Other,400.0,1170.0,800.0
27/10/2025,960.0,Other,600.0,1600.0,1200.0
28/10/2025,1245.0,Other,700.0,1700.0,1200.0
29/10/2025,879.0,Other,900.0,1830.0,1250.0
30/10/2025,1165.0,Other,900.0,1825.0,1350.0
31/10/2025,960.0,Other,700.0,1571.0,1200.0
Market Name : Sangamner APMC
01/10/2025,277.0,Other,200.0,2000.0,1100.0
02/10/2025,433.9,Other,200.0,1700.0,950.0
03/10/2025,255.2,Other,200.0,1701.0,950.0
06/10/2025,502.2,Other,200.0,1800.0,1000.0
07/10/2025,438.5,Other,200.0,1761.0,980.0
08/10/2025,399.1,Other,200.0,1725.0,962.0
09/10/2025,497.5,Other,200.0,1751.0,950.0
13/10/2025,649.5,Other,200.0,1600.0,900.0
14/10/2025,641.2,Other,200.0,1611.0,905.0
15/10/2025,599.3,Other,200.0,1600.0,900.0
16/10/2025,638.4,Other,200.0,1800.0,1000.0
17/10/2025,635.6,Other,200.0,1800.0,1000.0
27/10/2025,319.0,Other,200.0,2000.0,1100.0
28/10/2025,263.4,Other,200.0,2101.0,1150.0
29/10/2025,361.2,Other,200.0,2000.0,1100.0
30/10/2025,413.5,Other,200.0,2000.0,1100.0
31/10/2025,602.4,Other,200.0,2000.0,1100.0
"Market Name : Sangli(Phale, Bhajipala Market) APMC"
01/10/2025,354.2,Local,600.0,1850.0,1225.0
03/10/2025,273.6,Local,500.0,1700.0,1100.0
04/10/2025,458.8,Local,500.0,1900.0,1200.0
06/10/2025,613.6,Local,500.0,1800.0,1150.0
07/10/2025,282.0,Local,500.0,1700.0,1100.0
08/10/2025,358.6,Local,500.0,1600.0,1050.0
09/10/2025,245.1,Local,500.0,1600.0,1050.0
10/10/2025,317.0,Local,500.0,1650.0,1075.0
13/10/2025,309.9,Local,500.0,2000.0,1250.0
14/10/2025,148.2,Local,500.0,1800.0,1150.0
15/10/2025,300.6,Local,500.0,1800.0,1150.0
16/10/2025,218.7,Local,500.0,1800.0,1150.0
17/10/2025,578.6,Local,500.0,1800.0,1150.0
22/10/2025,266.0,Local,500.0,1800.0,1150.0
27/10/2025,318.9,Local,600.0,2200.0,1400.0
28/10/2025,196.8,Local,500.0,2000.0,1250.0
29/10/2025,473.5,Local,500.0,2000.0,1250.0
30/10/2025,207.2,Local,500.0,2000.0,1250.0
31/10/2025,274.5,Local,600.0,2200.0,1400.0
Market Name : Satana APMC
01/10/2025,1073.5,Other,200.0,1655.0,1035.0
06/10/2025,1095.0,Other,200.0,1980.0,1170.0
07/10/2025,1225.0,Other,210.0,1600.0,1085.0
08/10/2025,1242.7,Other,200.0,1750.0,1070.0
09/10/2025,1221.0,Other,200.0,1550.0,1030.0
13/10/2025,1315.0,Other,200.0,1535.0,950.0
14/10/2025,1127.5,Other,200.0,1460.0,865.0
15/10/2025,1243.0,Other,210.0,1625.0,935.0
16/10/2025,832.6,Other,100.0,1595.0,930.0
17/10/2025,902.5,Other,150.0,1660.0,950.0
28/10/2025,792.9,Other,200.0,1900.0,1415.0
29/10/2025,752.5,Other,250.0,2110.0,1480.0
30/10/2025,881.0,Other,250.0,2255.0,1515.0
31/10/2025,865.0,Other,225.0,2300.0,1500.0
Market Name : Satara APMC
01/10/2025,18.1,Other,1000.0,1800.0,1400.0
02/10/2025,35.1,Other,1000.0,1800.0,1400.0
04/10/2025,30.0,Other,1000.0,2000.0,1500.0
05/10/2025,33.2,Other,1000.0,2000.0,1500.0
06/10/2025,25.0,Other,1000.0,1800.0,1400.0
07/10/2025,25.3,Other,1000.0,2000.0,1500.0
08/10/2025,27.2,Other,1000.0,1700.0,1350.0
09/10/2025,30.2,Other,1000.0,2000.0,1500.0
12/10/2025,34.0,Other,1000.0,2000.0,1500.0
13/10/2025,32.0,Other,1000.0,1800.0,1400.0
14/10/2025,41.8,Other,1000.0,1800.0,1400.0
15/10/2025,24.6,Other,1000.0,1700.0,1350.0
16/10/2025,30.7,Other,1000.0,2000.0,1500.0
18/10/2025,32.0,Other,1000.0,1700.0,1350.0
19/10/2025,16.5,Other,1000.0,1700.0,1350.0
26/10/2025,32.8,Other,1500.0,1800.0,1650.0
27/10/2025,21.5,Other,1000.0,1800.0,1400.0
28/10/2025,20.0,Other,1500.0,2000.0,1750.0
29/10/2025,15.8,Other,1000.0,2000.0,1500.0
30/10/2025,44.1,Other,1000.0,2000.0,1500.0
Market Name : Shevgaon APMC
02/10/2025,442.79999999999995,Other,200.0,600.0,450.0
,,2nd Sort,700.0,1000.0,875.0
,,1st Sort,1100.0,1550.0,1275.0
04/10/2025,341.799999,2nd Sort,700.0,1000.0,850.0
,,1st Sort,1100.0,1500.0,1300.0
,,Other,200.0,600.0,450.0
06/10/2025,392.000001,1st Sort,1000.0,1500.0,1250.0
,,Other,200.0,500.0,400.0
,,2nd Sort,600.0,900.0,775.0
09/10/2025,363.999999,1st Sort,1000.0,1600.0,1250.0
,,2nd Sort,600.0,900.0,750.0
,,Other,200.0,500.0,350.0
23/10/2025,408.80000100000007,1st Sort,900.0,1400.0,1150.0
,,Other,200.0,500.0,350.0
,,2nd Sort,600.0,800.0,750.0
30/10/2025,537.999999,1st Sort,1200.0,2100.0,1600.0
,,2nd Sort,800.0,1100.0,950.0
,,Other,200.0,700.0,550.0
Market Name : Shirpur APMC
04/10/2025,7.9,White,400.0,400.0,400.0
,,Red,200.0,1650.0,1100.0
08/10/2025,17.5,Red,200.0,1450.0,950.0
15/10/2025,33.6,Red,200.0,1475.0,950.0
18/10/2025,23.7,Red,150.0,1225.0,875.0
25/10/2025,15.4,Red,200.0,1500.0,1000.0
29/10/2025,26.9,Red,200.0,1400.0,950.0
"Market Name : Shivsiddha Govind Producer Company Ltd Sanchalit Khajgi Krush Utpann Bajar, Samati-Nashik"
04/10/2025,1698.63,Other,200.0,2100.0,1470.0
06/10/2025,1936.29,Other,200.0,2000.0,1420.0
07/10/2025,1723.78,Other,200.0,1900.0,1410.0
13/10/2025,1690.32,Other,200.0,2000.0,1380.0
14/10/2025,1517.89,Other,200.0,1900.0,1340.0
15/10/2025,1428.05,Other,150.0,1700.0,1370.0
16/10/2025,1274.37,Other,150.0,1800.0,1330.0
28/10/2025,542.93,Other,200.0,2200.0,1720.0
29/10/2025,596.42,Other,200.0,2300.0,1770.0
30/10/2025,925.47,Other,300.0,2300.0,1825.0
"Market Name : Shree Sairaj Krushi Market, Dist Ahilyanagar"
04/10/2025,60.25,Local,100.0,1700.0,900.0
06/10/2025,62.98,Local,150.0,1700.0,1000.0
08/10/2025,75.63,Local,100.0,1700.0,900.0
15/10/2025,89.04,Local,100.0,1600.0,900.0
"Market Name : Shri Rameshwar Krushi Market, M.Nagar, Tal Deola, Dist Nashik"
03/10/2025,906.08,Other,211.0,1651.0,968.55
,,Red,420.0,1600.0,1028.34
Market Name : Shrirampur APMC
03/10/2025,509.4,Other,300.0,1800.0,1250.0
08/10/2025,856.4,Other,300.0,1800.0,1250.0
13/10/2025,4664.4,Other,250.0,1600.0,1300.0
27/10/2025,409.1,Other,300.0,2000.0,1450.0
29/10/2025,599.5,Other,300.0,2000.0,1450.0
31/10/2025,747.3,Other,300.0,2000.0,1450.0
Market Name : Sinner APMC
01/10/2025,184.7,Other,200.0,1280.0,1050.0
03/10/2025,82.4,Other,200.0,1310.0,1100.0
06/10/2025,203.2,Other,300.0,1261.0,1075.0
07/10/2025,203.3,Other,300.0,1241.0,1070.0
08/10/2025,494.9,Other,100.0,1500.0,1067.0
09/10/2025,183.0,Other,300.0,1200.0,1020.0
13/10/2025,776.0,Other,100.0,1200.0,975.0
15/10/2025,286.3,Other,100.0,1100.0,950.0
16/10/2025,239.7,Other,100.0,1175.0,950.0
27/10/2025,125.9,Other,300.0,1336.0,1275.0
28/10/2025,108.7,Other,300.0,1336.0,1275.0
29/10/2025,119.1,Other,300.0,1501.0,1450.0
30/10/2025,105.4,Other,500.0,1711.0,1500.0
31/10/2025,112.6,Other,500.0,1556.0,1400.0
Market Name : Umrane APMC
01/10/2025,1250.0,Other,700.0,1551.0,1200.0
02/10/2025,1650.0,Other,700.0,1482.0,1200.0
06/10/2025,2350.0,Other,700.0,1371.0,1150.0
07/10/2025,2050.0,Other,700.0,1371.0,1150.0
13/10/2025,9000.0,Other,700.0,1275.0,1000.0
14/10/2025,1450.0,Other,600.0,1251.0,950.0
15/10/2025,1650.0,Other,700.0,1300.0,1000.0
16/10/2025,1650.0,Other,700.0,1258.0,1051.0
28/10/2025,1450.0,Other,700.0,1501.0,1250.0
29/10/2025,1250.0,Other,900.0,1801.0,1450.0
30/10/2025,1450.0,Other,850.0,2201.0,1550.0
31/10/2025,1250.0,Other,700.0,1901.0,1400.0
Market Name : Vadgaonpeth APMC
02/10/2025,27.0,Local,1000.0,2200.0,1400.0
03/10/2025,30.0,Local,1000.0,2200.0,1400.0
04/10/2025,2.1,Local,1100.0,2200.0,1400.0
07/10/2025,28.0,Local,1100.0,2000.0,1400.0
15/10/2025,151.0,Local,1100.0,2100.0,1400.0
16/10/2025,35.0,Local,900.0,1700.0,1000.0
18/10/2025,27.0,Local,1000.0,2100.0,1400.0
28/10/2025,32.0,Local,1300.0,2000.0,1700.0
30/10/2025,26.0,Local,1300.0,2000.0,1700.0
31/10/2025,26.0,Local,1100.0,2000.0,1300.0
Market Name : Vaduj APMC
04/10/2025,5.0,Red,1000.0,2000.0,1500.0
18/10/2025,6.0,Red,1000.0,2000.0,1500.0
Market Name : Vai APMC
02/10/2025,1.6,Local,1000.0,2000.0,1600.0
03/10/2025,1.2,Local,1000.0,1200.0,1100.0
04/10/2025,1.5,Local,1000.0,1800.0,1500.0
05/10/2025,1.5,Local,1000.0,1800.0,1500.0
09/10/2025,1.4,Local,1000.0,1800.0,1500.0
15/10/2025,2.0,Local,1000.0,1700.0,1500.0
16/10/2025,2.0,Local,1000.0,1700.0,1400.0
23/10/2025,0.9,Local,1000.0,1600.0,1300.0
26/10/2025,3.5,Local,1000.0,1700.0,1400.0
29/10/2025,2.0,Local,1000.0,1700.0,1500.0
30/10/2025,2.0,Local,1000.0,2000.0,1500.0
Market Name : Vaijpur APMC
03/10/2025,666.9,Other,200.0,1280.0,950.0
06/10/2025,858.0,Other,200.0,1250.0,1000.0
07/10/2025,857.1,Other,200.0,1280.0,1000.0
08/10/2025,783.6,Other,200.0,1250.0,1000.0
11/10/2025,24.4,Other,200.0,1100.0,900.0
13/10/2025,2728.8,Other,200.0,1293.0,950.0
15/10/2025,532.9,Other,200.0,1401.0,950.0
16/10/2025,643.5,Other,200.0,1265.0,1000.0
27/10/2025,512.7,Other,200.0,1600.0,1200.0
28/10/2025,572.4,Other,200.0,1621.0,1200.0
29/10/2025,423.6,Other,200.0,1680.0,1250.0
30/10/2025,521.2,Other,400.0,1800.0,1350.0
31/10/2025,563.8,Other,400.0,1819.0,1300.0
Market Name : Vita APMC
06/10/2025,5.0,Other,1500.0,2000.0,1750.0
Market Name : Yeola APMC
01/10/2025,450.0,Other,252.0,1471.0,1050.0
03/10/2025,392.4,Other,225.0,1555.0,1150.0
06/10/2025,757.7,Other,150.0,1430.0,1000.0
08/10/2025,767.0,Other,200.0,1391.0,900.0
09/10/2025,546.2,Other,200.0,1470.0,900.0
11/10/2025,565.3,Other,150.0,1300.0,800.0
15/10/2025,892.2,Other,150.0,1239.0,800.0
16/10/2025,574.2,Other,100.0,1251.0,750.0
17/10/2025,300.0,Other,126.0,1188.0,750.0
18/10/2025,232.8,Other,101.0,1251.0,751.0
27/10/2025,391.1,Other,225.0,1500.0,1000.0
29/10/2025,446.2,Other,200.0,1481.0,1051.0
30/10/2025,288.1,Other,250.0,1702.0,1275.0
31/10/2025,511.6,Other,150.0,1769.0,1250.0
