"Date Wise Prices for Specified Commodity on June, 2024 for Commodity : Onion, State/UT : Maharashtra"
"Commodity : Onion, State/UT : Maharashtra"

Arrival Date,Arrivals (Metric Tonnes),Variety,Minimum Price (Rs./Quintal),Maximum Price (Rs./Quintal),Modal Price (Rs./Quintal)
Market Name : AGRICULTURE PRODUCE MARKET COMITEE CHANDWAD
01/06/2024,573.2,Other,900.0,2246.0,1880.0
03/06/2024,576.5,Other,745.0,2290.0,1860.0
04/06/2024,366.6,Other,700.0,2291.0,2000.0
05/06/2024,420.0,Other,1100.0,2375.0,2070.0
07/06/2024,765.3,Other,1500.0,2565.0,2280.0
08/06/2024,320.0,Other,1070.0,2610.0,2450.0
10/06/2024,971.7,Other,1080.0,2775.0,2400.0
11/06/2024,1050.0,Other,1000.0,2780.0,2380.0
12/06/2024,1149.5,Other,1000.0,2780.0,2380.0
13/06/2024,1070.0,Other,1302.0,2625.0,2300.0
14/06/2024,720.0,Other,1053.0,2676.0,2300.0
15/06/2024,850.0,Other,1050.0,2799.0,2480.0
18/06/2024,720.0,Other,1697.0,3000.0,2470.0
19/06/2024,720.0,Other,1425.0,3575.0,2870.0
20/06/2024,720.0,Other,1800.0,3861.0,2930.0
22/06/2024,1120.0,Other,1000.0,3399.0,2800.0
24/06/2024,930.0,Other,1340.0,3399.0,2750.0
25/06/2024,720.0,Other,1201.0,3753.0,2850.0
26/06/2024,920.0,Other,1500.0,3151.0,2700.0
27/06/2024,720.0,Other,853.0,3281.0,2680.0
28/06/2024,720.0,Other,1520.0,3380.0,2900.0
29/06/2024,490.5,Other,1751.0,3291.0,2980.0
Market Name : APMC Nandurbar
05/06/2024,11.0,Red,1800.0,2050.0,1905.0
08/06/2024,15.6,Red,1865.0,2155.0,2060.0
10/06/2024,19.6,Red,2105.0,2550.0,2430.0
11/06/2024,8.0,Red,2120.0,2585.0,2565.0
13/06/2024,8.7,Red,2120.0,2400.0,2350.0
14/06/2024,10.3,Red,2160.0,2405.0,2350.0
Market Name : APMC Yawal
01/06/2024,15.0,Red,1370.0,1840.0,1630.0
Market Name : Ahilyanagar APMC
01/06/2024,3349.3,Other,300.0,2600.0,1950.0
03/06/2024,2916.6,Other,200.0,2500.0,1850.0
06/06/2024,2433.6,Other,300.0,2700.0,2200.0
10/06/2024,4114.1,Other,400.0,3100.0,2400.0
17/06/2024,3131.7,Other,300.0,3100.0,2300.0
22/06/2024,4563.7,Other,500.0,3100.0,2450.0
27/06/2024,4055.5,Other,600.0,3100.0,2400.0
29/06/2024,3460.3,Other,500.0,3150.0,2050.0
Market Name : Akluj APMC
02/06/2024,27.0,Other,400.0,2300.0,1200.0
05/06/2024,28.0,Other,300.0,2600.0,1500.0
07/06/2024,24.0,Other,500.0,3000.0,1800.0
09/06/2024,28.0,Red,500.0,3500.0,2000.0
12/06/2024,20.5,Other,500.0,3100.0,2000.0
14/06/2024,33.7,Other,500.0,3000.0,2100.0
16/06/2024,35.0,Red,700.0,3400.0,2200.0
19/06/2024,38.0,Red,600.0,3200.0,2200.0
23/06/2024,52.6,Red,800.0,3200.0,2200.0
26/06/2024,27.0,Red,500.0,3200.0,2100.0
30/06/2024,43.0,Red,600.0,3000.0,2200.0
Market Name : Akola APMC
01/06/2024,35.4,Other,700.0,1700.0,1400.0
03/06/2024,71.8,Other,700.0,2000.0,1400.0
04/06/2024,47.0,Other,700.0,2000.0,1500.0
05/06/2024,49.3,Other,800.0,2000.0,1500.0
06/06/2024,30.4,Other,1200.0,2100.0,1500.0
07/06/2024,20.3,Other,1200.0,2200.0,1600.0
08/06/2024,45.2,Other,1400.0,2600.0,2200.0
10/06/2024,102.9,Other,1500.0,3200.0,2000.0
11/06/2024,46.6,Other,1500.0,3000.0,2000.0
12/06/2024,40.4,Other,1500.0,3200.0,2500.0
13/06/2024,28.3,Other,1500.0,3000.0,2500.0
14/06/2024,41.0,Other,1500.0,3000.0,2500.0
15/06/2024,17.8,Other,1500.0,2800.0,2500.0
18/06/2024,50.0,Other,1500.0,3400.0,2800.0
19/06/2024,19.7,Other,2000.0,3500.0,2500.0
20/06/2024,40.5,Other,2200.0,3000.0,2500.0
22/06/2024,44.0,Other,2000.0,3400.0,2800.0
24/06/2024,62.4,Other,1500.0,3400.0,2800.0
25/06/2024,11.3,Other,2000.0,3400.0,2800.0
26/06/2024,17.7,Other,1800.0,3400.0,2900.0
27/06/2024,54.6,Other,2000.0,3000.0,2600.0
28/06/2024,36.2,Other,1500.0,3000.0,2500.0
29/06/2024,16.2,Other,1800.0,3000.0,2500.0
Market Name : Akole APMC
06/06/2024,91.4,Other,400.0,2775.0,2200.0
09/06/2024,143.9,Other,700.0,3636.0,2700.0
11/06/2024,177.1,Other,400.0,3000.0,2200.0
13/06/2024,104.3,Other,600.0,3000.0,2200.0
16/06/2024,62.2,Other,300.0,3000.0,2200.0
23/06/2024,133.4,Other,800.0,3351.0,2875.0
25/06/2024,84.4,Other,400.0,3151.0,2651.0
30/06/2024,102.6,Other,1000.0,3200.0,2675.0
Market Name : Amrawati(Frui & Veg. Market) APMC
01/06/2024,51.0,Red,600.0,2000.0,1300.0
02/06/2024,64.8,Local,700.0,2000.0,1350.0
03/06/2024,60.9,Local,600.0,2000.0,1300.0
04/06/2024,42.0,Local,600.0,1800.0,1200.0
05/06/2024,54.0,Local,700.0,2000.0,1350.0
07/06/2024,48.0,Local,600.0,2000.0,1300.0
08/06/2024,60.9,Local,700.0,2000.0,1350.0
09/06/2024,40.8,Local,1500.0,2500.0,2000.0
10/06/2024,51.0,Local,1400.0,2500.0,1950.0
11/06/2024,46.8,Local,1400.0,2600.0,2000.0
12/06/2024,51.0,Local,600.0,2800.0,1700.0
14/06/2024,52.8,Local,900.0,2800.0,1850.0
15/06/2024,45.0,Local,1500.0,4000.0,2750.0
18/06/2024,28.8,Local,1500.0,4000.0,2750.0
19/06/2024,30.9,Local,1600.0,4000.0,2800.0
21/06/2024,40.8,Local,1500.0,3500.0,2500.0
22/06/2024,36.9,Local,1500.0,3500.0,2500.0
24/06/2024,42.0,Local,2000.0,3600.0,2800.0
25/06/2024,45.0,Local,2000.0,3200.0,2600.0
26/06/2024,34.9,Local,2200.0,3200.0,2700.0
28/06/2024,33.9,Local,2400.0,3200.0,2800.0
29/06/2024,34.8,Local,2600.0,3200.0,2900.0
30/06/2024,30.0,Local,2400.0,3200.0,2800.0
Market Name : Baramati APMC
01/06/2024,39.3,Red,400.0,2400.0,1500.0
03/06/2024,47.5,Red,300.0,2300.0,1550.0
05/06/2024,48.2,Red,400.0,2400.0,1600.0
08/06/2024,64.9,Red,600.0,3100.0,2200.0
10/06/2024,54.9,Red,500.0,3110.0,2250.0
12/06/2024,61.3,Red,600.0,3000.0,2200.0
15/06/2024,85.5,Red,450.0,3000.0,2100.0
17/06/2024,51.5,Red,650.0,2650.0,2000.0
19/06/2024,72.3,Red,500.0,3100.0,2200.0
22/06/2024,51.4,Red,500.0,3000.0,2200.0
24/06/2024,43.9,Red,900.0,3000.0,2200.0
26/06/2024,52.5,Red,500.0,3000.0,2200.0
29/06/2024,59.1,Red,500.0,3000.0,2300.0
Market Name : Bhusaval APMC
01/06/2024,0.9,Red,1500.0,2000.0,1800.0
02/06/2024,1.5,Red,1400.0,1800.0,1600.0
05/06/2024,1.5,Red,1400.0,1800.0,1500.0
07/06/2024,1.2,Red,1400.0,1800.0,1600.0
08/06/2024,0.5,Red,2000.0,2500.0,2200.0
09/06/2024,4.1,Red,1600.0,2000.0,1800.0
11/06/2024,2.3,Red,1700.0,2200.0,1800.0
12/06/2024,0.7,Red,1800.0,2500.0,2200.0
13/06/2024,1.5,Red,2000.0,2500.0,2200.0
14/06/2024,0.7,Red,2000.0,3000.0,2500.0
15/06/2024,0.7,Red,2000.0,3000.0,2400.0
16/06/2024,1.6,Red,2300.0,2800.0,2400.0
18/06/2024,0.4,Red,2000.0,3000.0,2500.0
19/06/2024,0.5,Red,2500.0,3000.0,3000.0
20/06/2024,0.9,Red,2200.0,3000.0,2500.0
21/06/2024,0.5,Red,2500.0,3100.0,3000.0
22/06/2024,1.3,Red,2200.0,3100.0,2800.0
23/06/2024,1.7,Red,2200.0,3000.0,2500.0
25/06/2024,0.8,Red,2200.0,3000.0,2500.0
26/06/2024,0.3,Red,2200.0,2500.0,2500.0
27/06/2024,0.8,Red,2000.0,2500.0,2200.0
28/06/2024,0.1,Red,2500.0,2500.0,2500.0
29/06/2024,0.4,Red,2200.0,2500.0,2500.0
30/06/2024,1.4,Red,2200.0,2800.0,2600.0
Market Name : Chandrapur(Ganjwad) APMC
01/06/2024,67.0,Other,1400.0,2000.0,1700.0
05/06/2024,30.0,Other,1300.0,2250.0,1600.0
06/06/2024,112.0,Other,1700.0,2500.0,2250.0
08/06/2024,48.6,Other,2000.0,2750.0,2300.0
10/06/2024,49.0,Other,2000.0,2750.0,2500.0
12/06/2024,41.9,Other,2200.0,2750.0,2400.0
13/06/2024,95.2,Other,2250.0,3000.0,2500.0
14/06/2024,95.2,Other,2000.0,3000.0,2500.0
21/06/2024,49.0,Other,2800.0,3250.0,3000.0
24/06/2024,31.1,Other,3000.0,3800.0,3500.0
25/06/2024,77.0,Other,2800.0,3250.0,3000.0
27/06/2024,30.2,Other,2400.0,3250.0,2800.0
28/06/2024,45.1,Other,2800.0,3500.0,3000.0
Market Name : Chattrapati Sambhajinagar APMC
01/06/2024,147.1,Other,600.0,2000.0,1300.0
03/06/2024,103.2,Other,500.0,2000.0,1250.0
04/06/2024,141.3,Other,700.0,2200.0,1450.0
05/06/2024,91.0,Other,700.0,2000.0,1350.0
06/06/2024,673.0,Other,700.0,2200.0,1450.0
08/06/2024,219.0,Other,1000.0,2700.0,1850.0
09/06/2024,336.0,Other,900.0,2800.0,1850.0
10/06/2024,210.6,Other,1000.0,2800.0,1900.0
11/06/2024,241.5,Other,1200.0,2600.0,1900.0
12/06/2024,118.9,Other,1200.0,2400.0,1800.0
13/06/2024,632.7,Other,1000.0,3000.0,2000.0
15/06/2024,241.6,Other,1200.0,2500.0,1850.0
18/06/2024,73.9,Other,1400.0,2400.0,1900.0
19/06/2024,113.4,Other,1100.0,2700.0,1900.0
20/06/2024,731.4,Other,1150.0,2600.0,1875.0
22/06/2024,210.7,Other,1200.0,2800.0,2000.0
25/06/2024,123.1,Other,1500.0,2500.0,2000.0
26/06/2024,194.7,Other,1100.0,2800.0,1950.0
27/06/2024,987.0,Other,500.0,2500.0,1500.0
29/06/2024,221.8,Other,1000.0,2800.0,1900.0
Market Name : Devala APMC
03/06/2024,750.0,Other,430.0,2300.0,1975.0
04/06/2024,450.0,Other,850.0,2355.0,2025.0
05/06/2024,550.0,Other,800.0,2405.0,2225.0
06/06/2024,750.0,Other,800.0,2415.0,2200.0
07/06/2024,600.0,Other,700.0,2505.0,2325.0
18/06/2024,617.5,Other,1050.0,3000.0,2800.0
19/06/2024,550.0,Other,1350.0,3030.0,2850.0
20/06/2024,620.0,Other,1500.0,3225.0,3000.0
21/06/2024,720.0,Other,1200.0,3300.0,3050.0
25/06/2024,750.0,Other,750.0,3280.0,3050.0
26/06/2024,620.0,Other,800.0,3250.0,3000.0
27/06/2024,615.0,Other,800.0,3035.0,2875.0
28/06/2024,515.5,Other,800.0,3040.0,2900.0
Market Name : Dharashiv APMC
01/06/2024,2.2,Red,1400.0,2100.0,1750.0
02/06/2024,4.2,Red,850.0,2500.0,1675.0
06/06/2024,1.4,Red,1100.0,2300.0,1700.0
08/06/2024,1.3,Red,1200.0,2700.0,1950.0
09/06/2024,2.5,Red,2000.0,3000.0,2500.0
11/06/2024,1.3,Red,1550.0,3500.0,2525.0
13/06/2024,1.6,Red,1900.0,3500.0,2700.0
19/06/2024,3.2,Red,1850.0,3200.0,2550.0
20/06/2024,2.4,Red,1225.0,3500.0,2360.0
21/06/2024,1.1,Red,1300.0,3200.0,2250.0
22/06/2024,1.4,Red,2500.0,3200.0,2850.0
23/06/2024,3.7,Red,1600.0,3000.0,2300.0
26/06/2024,0.8,Red,2200.0,3300.0,2750.0
27/06/2024,1.6,Red,1700.0,3500.0,2600.0
28/06/2024,1.2,Red,1500.0,3000.0,2250.0
Market Name : Dhule APMC
03/06/2024,54.9,Red,500.0,2020.0,1810.0
04/06/2024,63.8,Red,500.0,2020.0,1810.0
05/06/2024,31.4,Red,350.0,1910.0,1700.0
06/06/2024,85.1,Red,100.0,2060.0,1850.0
07/06/2024,48.3,Red,200.0,2110.0,1900.0
08/06/2024,57.1,Red,200.0,2110.0,1900.0
10/06/2024,30.5,Red,500.0,2500.0,2100.0
14/06/2024,143.5,Red,200.0,2350.0,2000.0
15/06/2024,97.6,Red,200.0,2350.0,2000.0
18/06/2024,23.2,Red,200.0,2350.0,2000.0
19/06/2024,5.9,Red,100.0,2810.0,2500.0
20/06/2024,111.8,Red,100.0,2900.0,2600.0
21/06/2024,84.8,Red,100.0,2860.0,2500.0
22/06/2024,83.7,Red,100.0,2860.0,2500.0
24/06/2024,13.5,Red,300.0,2610.0,2200.0
25/06/2024,114.6,Red,300.0,2610.0,2200.0
26/06/2024,14.5,Red,200.0,2600.0,2300.0
27/06/2024,7.6,Red,100.0,2600.0,2300.0
28/06/2024,42.8,Red,350.0,2750.0,2300.0
29/06/2024,40.7,Red,100.0,2600.0,2300.0
Market Name : Dindori APMC
27/06/2024,9.5,Other,2500.0,3100.0,2800.0
29/06/2024,30.0,Other,2640.0,3275.0,2860.0
Market Name : Dindori(Vani) APMC
27/06/2024,374.9,Other,2556.0,3236.0,2889.0
29/06/2024,295.0,Other,2650.0,3300.0,2955.0
Market Name : Gangapur APMC
01/06/2024,442.2,Other,350.0,2850.0,1540.0
06/06/2024,301.8,Other,895.0,2305.0,1911.0
07/06/2024,299.6,Other,515.0,2565.0,2207.0
08/06/2024,118.9,Other,250.0,3325.0,1933.0
10/06/2024,125.1,Other,1115.0,2675.0,2213.0
14/06/2024,179.2,Other,2450.0,2695.0,2561.0
15/06/2024,92.9,Other,200.0,3000.0,1723.0
20/06/2024,103.1,Other,300.0,3605.0,2204.0
22/06/2024,28.1,White,250.0,3200.0,1803.0
26/06/2024,289.7,Other,260.0,2925.0,2395.0
29/06/2024,116.8,Other,400.0,3100.0,1989.0
Market Name : HINGNA - APMC
03/06/2024,0.1,Red,2000.0,2000.0,2000.0
04/06/2024,0.1,Red,2000.0,2000.0,2000.0
06/06/2024,0.5,Red,1500.0,2300.0,2300.0
07/06/2024,0.1,Red,2100.0,2100.0,2100.0
08/06/2024,0.1,Red,2300.0,2300.0,2300.0
10/06/2024,0.6,Red,1800.0,2800.0,2800.0
11/06/2024,0.2,Red,2600.0,2600.0,2600.0
12/06/2024,0.3,Red,2500.0,3500.0,3100.0
13/06/2024,0.1,Red,3500.0,3500.0,3500.0
14/06/2024,0.6,Red,2900.0,3000.0,3000.0
15/06/2024,0.1,Red,3300.0,3300.0,3300.0
18/06/2024,0.1,Red,3000.0,3000.0,3000.0
19/06/2024,0.3,Red,2700.0,2700.0,2700.0
20/06/2024,0.2,Red,2900.0,2900.0,2900.0
,,White,2790.0,2790.0,2790.0
21/06/2024,0.1,Red,2800.0,2800.0,2800.0
24/06/2024,0.5,Red,2000.0,2900.0,2880.0
26/06/2024,0.2,Red,2800.0,2800.0,2800.0
27/06/2024,1.0,Red,1800.0,2700.0,2700.0
28/06/2024,0.1,Red,2800.0,2800.0,2800.0
29/06/2024,0.4,Red,2700.0,3300.0,3300.0
Market Name : Indapur APMC
05/06/2024,32.8,Red,250.0,2700.0,1300.0
10/06/2024,21.3,Red,300.0,4000.0,1400.0
21/06/2024,28.4,Other,1000.0,4200.0,2000.0
28/06/2024,10.9,Red,600.0,2800.0,1855.0
Market Name : Islampur APMC
02/06/2024,5.0,Local,1000.0,2500.0,1750.0
04/06/2024,17.5,Local,1900.0,2500.0,2200.0
06/06/2024,5.0,Local,1500.0,3000.0,2200.0
07/06/2024,5.0,Local,1500.0,2500.0,2000.0
13/06/2024,1.5,Local,1500.0,2500.0,2000.0
14/06/2024,1.0,Local,1500.0,3000.0,2200.0
21/06/2024,2.5,Local,1500.0,3200.0,2500.0
Market Name : Jalana APMC
08/06/2024,101.9,Other,150.0,1400.0,700.0
11/06/2024,102.3,Other,150.0,1500.0,700.0
22/06/2024,95.4,Other,200.0,2300.0,800.0
26/06/2024,74.3,Other,300.0,3200.0,1000.0
Market Name : Jalgaon APMC
01/06/2024,52.2,Red,750.0,2075.0,1750.0
03/06/2024,56.1,Red,537.0,2700.0,1630.0
05/06/2024,92.6,Red,550.0,2837.0,1692.0
06/06/2024,81.4,Red,502.0,2500.0,1500.0
07/06/2024,85.8,Red,750.0,2527.0,1637.0
08/06/2024,94.1,Red,625.0,3027.0,1826.0
10/06/2024,133.4,Red,627.0,2825.0,1750.0
11/06/2024,64.5,Red,502.0,2750.0,1612.0
12/06/2024,86.4,Red,662.0,3000.0,1862.0
13/06/2024,65.2,Red,600.0,2627.0,1627.0
14/06/2024,80.3,Red,752.0,2875.0,1825.0
15/06/2024,137.4,Red,627.0,2750.0,1538.0
18/06/2024,72.1,Red,585.0,2500.0,1527.0
20/06/2024,56.5,Red,1150.0,3000.0,2087.0
21/06/2024,106.2,Red,1000.0,2927.0,1950.0
22/06/2024,73.0,Red,500.0,2912.0,1627.0
24/06/2024,85.2,Red,875.0,3075.0,2250.0
25/06/2024,70.7,Red,552.0,2750.0,1650.0
26/06/2024,75.7,Red,700.0,2887.0,1777.0
27/06/2024,76.9,Red,627.0,2750.0,1682.0
28/06/2024,50.8,Red,600.0,2750.0,1750.0
29/06/2024,83.7,Red,650.0,2750.0,1700.0
Market Name : Jamkhed APMC
01/06/2024,69.1,Local,100.0,2500.0,1300.0
04/06/2024,57.8,Local,200.0,2100.0,1150.0
06/06/2024,45.2,Local,200.0,2750.0,1475.0
08/06/2024,50.6,Local,100.0,3500.0,1800.0
11/06/2024,48.7,Local,100.0,3000.0,1550.0
13/06/2024,14.8,Local,200.0,2600.0,1400.0
15/06/2024,20.8,Local,100.0,3000.0,1550.0
18/06/2024,13.8,Local,300.0,3050.0,1675.0
22/06/2024,24.3,Local,100.0,3000.0,1550.0
25/06/2024,32.5,Local,300.0,3100.0,1700.0
27/06/2024,17.2,Local,200.0,3000.0,1600.0
29/06/2024,18.5,Local,400.0,3250.0,1825.0
Market Name : Junnar APMC
03/06/2024,368.2,Other,1000.0,3000.0,2500.0
06/06/2024,264.4,Other,1000.0,3000.0,2400.0
09/06/2024,360.3,Other,3000.0,4000.0,3500.0
13/06/2024,534.1,Other,1500.0,3000.0,2300.0
16/06/2024,439.7,Other,1500.0,3200.0,2200.0
30/06/2024,360.7,Other,1500.0,3500.0,2600.0
Market Name : Junnar(Alephata) APMC
02/06/2024,651.3,Other,1000.0,2710.0,1400.0
04/06/2024,492.5,Other,1000.0,2800.0,1400.0
07/06/2024,403.6,Other,1000.0,3110.0,2000.0
09/06/2024,471.5,Other,1100.0,3550.0,2510.0
11/06/2024,893.0,Other,1000.0,3250.0,2200.0
14/06/2024,647.1,Other,1000.0,3210.0,2200.0
16/06/2024,377.0,Other,1100.0,3510.0,2500.0
18/06/2024,435.4,Other,1000.0,4110.0,2800.0
21/06/2024,786.8,Other,1000.0,3810.0,2600.0
25/06/2024,696.5,Other,900.0,3510.0,2400.0
28/06/2024,583.8,Other,1000.0,3400.0,2400.0
30/06/2024,415.7,Other,1200.0,3300.0,2800.0
Market Name : Junnar(Narayangaon) APMC
01/06/2024,3.5,Other,500.0,2600.0,1800.0
02/06/2024,5.5,Other,500.0,2750.0,1800.0
03/06/2024,4.0,Other,400.0,2550.0,1500.0
07/06/2024,3.8,Other,500.0,2600.0,1500.0
08/06/2024,5.4,Other,800.0,3000.0,2000.0
09/06/2024,3.8,Other,500.0,3200.0,2500.0
10/06/2024,3.2,Other,500.0,3510.0,2500.0
13/06/2024,3.8,Other,100.0,3250.0,2000.0
15/06/2024,2.5,Other,1000.0,3400.0,2500.0
16/06/2024,2.0,Other,700.0,3400.0,2500.0
17/06/2024,5.6,Other,1000.0,3400.0,2300.0
21/06/2024,4.0,Other,800.0,3300.0,2500.0
22/06/2024,2.5,Other,900.0,3800.0,2800.0
23/06/2024,4.2,Other,500.0,3300.0,2000.0
24/06/2024,3.2,Other,1100.0,3300.0,2800.0
27/06/2024,2.5,Other,500.0,3000.0,2400.0
28/06/2024,4.8,Other,600.0,3200.0,2500.0
30/06/2024,2.4,Other,1500.0,3350.0,2510.0
Market Name : Junnar(Otur) APMC
02/06/2024,587.6,Other,1200.0,2700.0,2300.0
06/06/2024,539.6,Other,800.0,2350.0,1900.0
09/06/2024,570.9,Other,1200.0,3610.0,3000.0
13/06/2024,788.1,Other,1000.0,3000.0,2000.0
16/06/2024,477.4,Other,1500.0,3210.0,2600.0
20/06/2024,716.7,Other,1000.0,3510.0,2500.0
23/06/2024,653.6,Other,1500.0,3510.0,2500.0
30/06/2024,608.6,Other,1300.0,3210.0,2500.0
Market Name : Kada APMC
05/06/2024,472.8,Other,300.0,2600.0,1400.0
09/06/2024,661.0,Other,500.0,3500.0,1900.0
30/06/2024,401.2,Red,500.0,3200.0,2100.0
Market Name : Kalvan APMC
10/06/2024,1990.0,Other,100.0,2951.0,2250.0
11/06/2024,2280.0,Other,800.0,2900.0,2200.0
14/06/2024,710.0,Other,1000.0,3000.0,2550.0
15/06/2024,615.0,Other,1150.0,3150.0,2550.0
26/06/2024,450.0,Other,1500.0,3450.0,2501.0
27/06/2024,1430.0,Other,900.0,3300.0,2551.0
29/06/2024,700.0,Other,1100.0,3300.0,2601.0
Market Name : Kalyan APMC
03/06/2024,0.3,1st Sort,2100.0,2500.0,2300.0
05/06/2024,0.3,1st Sort,2200.0,2400.0,2300.0
06/06/2024,0.3,1st Sort,2300.0,2500.0,2400.0
07/06/2024,0.3,1st Sort,2500.0,2700.0,2600.0
08/06/2024,0.3,1st Sort,2500.0,2900.0,2700.0
09/06/2024,0.3,1st Sort,2500.0,2900.0,2700.0
10/06/2024,0.3,1st Sort,2800.0,3400.0,3100.0
11/06/2024,0.3,1st Sort,2800.0,3400.0,3100.0
12/06/2024,0.3,1st Sort,2800.0,3000.0,2900.0
13/06/2024,0.3,1st Sort,2800.0,3000.0,2900.0
14/06/2024,0.3,1st Sort,2800.0,3000.0,2900.0
18/06/2024,0.3,1st Sort,2800.0,3000.0,2900.0
19/06/2024,0.3,1st Sort,2000.0,3000.0,2500.0
20/06/2024,0.3,1st Sort,2400.0,3200.0,2800.0
21/06/2024,0.3,1st Sort,2400.0,3200.0,2800.0
24/06/2024,0.3,1st Sort,2400.0,3000.0,2700.0
25/06/2024,0.3,1st Sort,2000.0,3000.0,2500.0
26/06/2024,0.3,1st Sort,2000.0,3000.0,2500.0
27/06/2024,0.3,1st Sort,2500.0,3000.0,2750.0
28/06/2024,0.3,1st Sort,2600.0,2800.0,2700.0
Market Name : Kamthi APMC
02/06/2024,2.1,Local,1500.0,2500.0,2000.0
03/06/2024,0.4,Local,1500.0,2500.0,2000.0
04/06/2024,1.5,Local,1000.0,2000.0,1500.0
05/06/2024,0.6,Local,1000.0,2000.0,1500.0
06/06/2024,1.0,Local,1000.0,2000.0,1500.0
07/06/2024,2.8,Local,1000.0,2000.0,1500.0
09/06/2024,2.3,Local,1000.0,2000.0,1500.0
11/06/2024,1.8,Local,1000.0,2000.0,1500.0
12/06/2024,1.6,Local,2000.0,3000.0,2500.0
13/06/2024,2.5,Local,2500.0,3500.0,3000.0
14/06/2024,1.4,Local,3000.0,3500.0,3400.0
18/06/2024,0.8,Local,3000.0,4000.0,3500.0
19/06/2024,0.4,Local,2500.0,3500.0,3000.0
20/06/2024,5.4,Local,3000.0,4000.0,3500.0
21/06/2024,2.2,Local,3000.0,4000.0,3500.0
24/06/2024,1.5,Local,3000.0,4000.0,3500.0
25/06/2024,0.8,Local,3000.0,4000.0,3500.0
27/06/2024,0.6,Local,3000.0,4000.0,3500.0
28/06/2024,2.4,Local,3000.0,4000.0,3500.0
30/06/2024,0.4,Local,3000.0,4000.0,3500.0
Market Name : Karad APMC
01/06/2024,9.9,Other,1500.0,3000.0,3000.0
02/06/2024,15.0,Other,1500.0,2000.0,2000.0
03/06/2024,3.9,Other,500.0,2500.0,2500.0
04/06/2024,9.9,Other,1000.0,2000.0,2000.0
05/06/2024,17.4,Other,500.0,2500.0,2500.0
08/06/2024,15.0,Other,1500.0,3000.0,3000.0
09/06/2024,24.9,Other,2500.0,3500.0,3500.0
10/06/2024,19.8,Other,500.0,3000.0,3000.0
11/06/2024,19.8,Other,1000.0,2200.0,2200.0
12/06/2024,9.9,Other,1000.0,3500.0,3500.0
15/06/2024,9.9,Other,1000.0,3500.0,3500.0
18/06/2024,19.8,Other,500.0,3000.0,3000.0
19/06/2024,15.0,Other,1000.0,3000.0,3000.0
20/06/2024,12.3,Other,500.0,3000.0,3000.0
22/06/2024,9.9,Other,1500.0,3000.0,3000.0
24/06/2024,9.9,Other,1500.0,3000.0,3000.0
25/06/2024,15.0,Other,1000.0,3000.0,3000.0
26/06/2024,9.9,Other,1000.0,3000.0,3000.0
29/06/2024,15.0,Other,500.0,3000.0,3000.0
30/06/2024,19.8,Other,1500.0,3000.0,3000.0
Market Name : Karjat APMC
01/06/2024,19.2,1st Sort,300.0,2100.0,1400.0
07/06/2024,117.7,1st Sort,300.0,2200.0,1500.0
08/06/2024,9.5,1st Sort,300.0,2500.0,1500.0
09/06/2024,8.8,1st Sort,300.0,2500.0,1500.0
29/06/2024,1.4,Local,500.0,2500.0,1500.0
Market Name : Khed(Chakan) APMC
01/06/2024,100.0,Other,1600.0,2400.0,2000.0
04/06/2024,25.0,Other,1500.0,2500.0,2000.0
06/06/2024,20.0,Other,1500.0,2500.0,2000.0
07/06/2024,25.0,Other,1500.0,2500.0,2000.0
08/06/2024,75.0,Other,2000.0,2800.0,2500.0
09/06/2024,25.0,Other,1500.0,2600.0,2300.0
10/06/2024,25.0,Other,1500.0,2600.0,2300.0
11/06/2024,30.0,Other,1500.0,2700.0,2200.0
13/06/2024,22.5,Other,2000.0,3000.0,2500.0
15/06/2024,85.0,Other,2000.0,3000.0,2500.0
16/06/2024,25.0,Other,1500.0,2700.0,2000.0
18/06/2024,32.5,Other,1500.0,2800.0,2000.0
19/06/2024,90.0,Other,2000.0,3100.0,2500.0
20/06/2024,20.0,Other,2000.0,3000.0,2500.0
21/06/2024,20.0,Other,2000.0,3000.0,2500.0
25/06/2024,30.0,Other,2000.0,3000.0,2500.0
26/06/2024,100.0,Other,2000.0,3000.0,2500.0
27/06/2024,40.0,Other,2000.0,3000.0,2500.0
28/06/2024,35.0,Other,2000.0,3100.0,2500.0
29/06/2024,105.0,Other,2000.0,3100.0,2500.0
30/06/2024,45.0,Other,2000.0,3000.0,2500.0
Market Name : Kolhapur APMC
01/06/2024,794.9,Other,700.0,2700.0,1600.0
03/06/2024,627.5,Other,700.0,2800.0,1700.0
04/06/2024,340.6,Other,700.0,2800.0,1700.0
05/06/2024,279.8,Other,700.0,2700.0,1700.0
06/06/2024,185.2,Other,700.0,2700.0,1700.0
07/06/2024,185.0,Other,800.0,3100.0,1900.0
08/06/2024,406.7,Other,1000.0,3500.0,1900.0
10/06/2024,743.3,Other,800.0,3200.0,1600.0
11/06/2024,618.3,Other,800.0,3200.0,1700.0
12/06/2024,547.2,Other,700.0,2900.0,1600.0
13/06/2024,413.9,Other,700.0,2800.0,1800.0
14/06/2024,473.1,Other,700.0,3000.0,2000.0
15/06/2024,627.3,Other,1000.0,2900.0,2000.0
18/06/2024,406.3,Other,800.0,3100.0,2000.0
19/06/2024,460.5,Other,1000.0,3400.0,2200.0
20/06/2024,503.7,Other,1000.0,3200.0,2200.0
21/06/2024,592.9,Other,1000.0,3300.0,2200.0
22/06/2024,778.6,Other,1000.0,3200.0,2200.0
24/06/2024,406.1,Other,1000.0,3100.0,2200.0
25/06/2024,383.7,Other,1000.0,3000.0,2100.0
26/06/2024,410.8,Other,1000.0,3000.0,2100.0
27/06/2024,404.0,Other,1000.0,3000.0,2100.0
28/06/2024,289.3,Other,1000.0,3000.0,2200.0
29/06/2024,384.3,Other,1000.0,3200.0,2200.0
Market Name : Kopargaon APMC
01/06/2024,806.4,Other,500.0,2113.0,1750.0
04/06/2024,481.6,Other,500.0,2251.0,1850.0
05/06/2024,616.0,Other,1000.0,2376.0,2050.0
06/06/2024,755.2,Other,1000.0,2500.0,2200.0
07/06/2024,832.0,Other,1000.0,2557.0,2300.0
08/06/2024,1952.6,Other,1000.0,2650.0,2350.0
11/06/2024,1406.4,Other,1000.0,2526.0,2300.0
12/06/2024,576.0,Other,1000.0,2600.0,2300.0
13/06/2024,432.0,Other,1000.0,2641.0,2350.0
14/06/2024,532.8,Other,1000.0,2709.0,2500.0
15/06/2024,873.6,Other,1000.0,2850.0,2500.0
18/06/2024,734.4,Other,1000.0,3050.0,2725.0
19/06/2024,1051.2,Other,1000.0,3071.0,2700.0
20/06/2024,990.4,Other,1000.0,3075.0,2750.0
21/06/2024,924.8,Other,1000.0,3001.0,2700.0
22/06/2024,889.6,Other,1000.0,2814.0,2651.0
25/06/2024,452.8,Other,1000.0,3050.0,2600.0
26/06/2024,593.6,Other,1000.0,3050.0,2600.0
27/06/2024,609.6,Other,1000.0,2801.0,2550.0
28/06/2024,531.2,Other,1000.0,3000.0,2650.0
29/06/2024,608.0,Other,1000.0,2960.0,2675.0
Market Name : Kurdwadi(Modnimb) APMC
03/06/2024,3.9,Red,250.0,1475.0,1100.0
06/06/2024,2.0,Red,751.0,1451.0,1000.0
10/06/2024,3.2,Red,800.0,2652.0,1700.0
Market Name : Lasalgaon APMC
01/06/2024,913.6,Other,600.0,2200.0,1950.0
03/06/2024,1012.8,Other,600.0,2231.0,2000.0
04/06/2024,820.0,Other,711.0,2250.0,2100.0
05/06/2024,928.6,Other,710.0,2332.0,2130.0
06/06/2024,613.2,Other,890.0,2470.0,2260.0
07/06/2024,1461.0,Other,912.0,2561.0,2400.0
08/06/2024,1129.6,Other,761.0,2799.0,2550.0
10/06/2024,1679.6,Other,1051.0,2752.0,2550.0
11/06/2024,1800.8,Other,800.0,2701.0,2401.0
13/06/2024,1032.6,Other,1000.0,2701.0,2425.0
14/06/2024,1243.4,Other,800.0,2785.0,2550.0
15/06/2024,1360.4,Other,700.0,2780.0,2600.0
18/06/2024,1319.2,Other,1000.0,2940.0,2825.0
19/06/2024,1359.4,Other,1240.0,3171.0,3000.0
20/06/2024,1086.6,Other,1100.0,3251.0,3051.0
21/06/2024,1945.2,Other,1251.0,3301.0,3051.0
22/06/2024,1132.4,Other,1000.0,3301.0,3100.0
24/06/2024,993.4,Other,1100.0,3340.0,3175.0
25/06/2024,1132.8,Other,1100.0,3311.0,3100.0
26/06/2024,980.6,Other,1100.0,3070.0,2751.0
27/06/2024,619.2,Other,1100.0,3100.0,2900.0
28/06/2024,598.0,Other,1000.0,3172.0,2951.0
29/06/2024,503.4,Other,1012.0,3200.0,2960.0
Market Name : Lasalgaon(Niphad) APMC
01/06/2024,433.0,Other,1000.0,2250.0,2000.0
03/06/2024,453.0,Other,900.0,2200.0,2021.0
04/06/2024,425.0,Other,1000.0,2361.0,2200.0
05/06/2024,438.5,Other,1000.0,2410.0,2225.0
06/06/2024,567.5,Other,1000.0,2652.0,2411.0
07/06/2024,573.5,Other,1000.0,2621.0,2451.0
08/06/2024,663.5,Other,1000.0,2705.0,2600.0
10/06/2024,743.5,Other,1100.0,2819.0,2600.0
11/06/2024,864.5,Other,1200.0,2600.0,2400.0
13/06/2024,569.5,Other,1100.0,2635.0,2471.0
14/06/2024,409.5,Other,1100.0,2657.0,2525.0
15/06/2024,459.5,Other,1100.0,2780.0,2575.0
16/06/2024,120.7,Other,1270.0,2761.0,2600.0
17/06/2024,367.0,Other,1200.0,2850.0,2700.0
18/06/2024,598.5,Other,1100.0,3000.0,2850.0
19/06/2024,647.5,Other,1311.0,3300.0,3000.0
20/06/2024,507.3,Other,1200.0,3301.0,3100.0
21/06/2024,663.5,Other,1300.0,3345.0,3200.0
22/06/2024,772.5,Other,1100.0,3211.0,3050.0
23/06/2024,126.0,Other,1151.0,3200.0,3050.0
24/06/2024,484.7,Other,1100.0,3320.0,3150.0
25/06/2024,572.0,Other,1200.0,3285.0,3111.0
26/06/2024,493.5,Other,1000.0,3000.0,2800.0
27/06/2024,369.5,Other,1000.0,3300.0,2900.0
28/06/2024,307.7,Other,1000.0,3011.0,2851.0
29/06/2024,257.5,Other,1000.0,3070.0,2900.0
Market Name : Lasalgaon(Vinchur) APMC
01/06/2024,1280.0,Other,700.0,2301.0,2000.0
03/06/2024,1300.0,Other,1000.0,2500.0,2100.0
04/06/2024,1230.0,Other,1000.0,2452.0,2150.0
05/06/2024,1335.0,Other,1000.0,2560.0,2300.0
06/06/2024,1740.0,Other,1000.0,2501.0,2300.0
07/06/2024,1810.0,Other,1000.0,2531.0,2400.0
08/06/2024,1770.0,Other,1000.0,2700.0,2500.0
10/06/2024,2120.0,Other,1000.0,2800.0,2600.0
11/06/2024,1990.0,Other,1000.0,2700.0,2450.0
12/06/2024,1537.6,Other,1000.0,2620.0,2400.0
13/06/2024,1260.0,Other,1000.0,2600.0,2400.0
14/06/2024,1300.0,Other,1000.0,2721.0,2550.0
15/06/2024,1620.0,Other,1000.0,2800.0,2550.0
17/06/2024,1083.6,Other,1000.0,2800.0,2600.0
18/06/2024,1600.0,Other,1100.0,3000.0,2900.0
19/06/2024,1960.0,Other,1200.0,3252.0,3000.0
20/06/2024,2130.0,Other,1200.0,3300.0,3100.0
21/06/2024,2350.0,Other,1200.0,3351.0,3100.0
22/06/2024,1357.0,Other,1200.0,3300.0,3050.0
24/06/2024,1063.7,Other,1200.0,3500.0,3200.0
25/06/2024,1250.0,Other,1200.0,3411.0,3100.0
26/06/2024,1156.0,Other,1000.0,3190.0,2800.0
27/06/2024,770.0,Other,1200.0,3212.0,2900.0
28/06/2024,835.0,Other,1000.0,3211.0,2900.0
29/06/2024,820.0,Other,1000.0,3200.0,2950.0
Market Name : Lasur Station APMC
01/06/2024,710.0,Other,500.0,2060.0,1650.0
04/06/2024,490.0,Other,450.0,2222.0,1750.0
06/06/2024,750.0,Other,600.0,2300.0,1875.0
07/06/2024,780.0,Other,700.0,2600.0,2100.0
08/06/2024,930.0,Other,1000.0,2755.0,2300.0
11/06/2024,780.0,Other,900.0,2585.0,2100.0
Market Name : Lonand APMC
03/06/2024,60.0,Other,800.0,2430.0,1500.0
06/06/2024,40.0,Other,900.0,2800.0,1900.0
10/06/2024,50.0,Other,900.0,3200.0,2200.0
24/06/2024,30.0,Other,1000.0,2910.0,2300.0
"Market Name : Malharshree Khajgi Krushi Utpann Bajar, Chandanpuri Tal Malegaon, Nashik"
06/06/2024,33.3,Other,745.0,2345.0,1358.0
20/06/2024,62.3,Other,1100.0,3110.0,2439.0
21/06/2024,41.1,Other,1976.0,3250.0,2257.0
24/06/2024,61.6,Other,1001.0,3255.0,2812.0
25/06/2024,81.4,Other,1125.0,3185.0,2658.0
26/06/2024,75.2,Other,1095.0,3112.0,2657.0
Market Name : Malkapur APMC
06/06/2024,32.5,Local,1200.0,2050.0,1700.0
11/06/2024,20.0,Local,1500.0,2760.0,2100.0
13/06/2024,33.0,Local,1400.0,2850.0,1550.0
18/06/2024,26.0,Local,1100.0,2825.0,1475.0
20/06/2024,28.0,Local,1500.0,3000.0,2225.0
27/06/2024,34.4,Local,800.0,2680.0,1585.0
Market Name : Manchar APMC
02/06/2024,533.8,Other,1800.0,2750.0,2280.0
06/06/2024,334.1,Other,2000.0,3010.0,2550.0
09/06/2024,194.4,Other,2000.0,3610.0,2825.0
11/06/2024,884.5,Other,2300.0,3110.0,2725.0
16/06/2024,404.9,Other,2300.0,3110.0,2700.0
30/06/2024,862.7,Other,2000.0,3400.0,2700.0
Market Name : Mangal Wedha APMC
01/06/2024,0.8,Local,650.0,2400.0,2210.0
02/06/2024,5.2,Local,1500.0,2000.0,1800.0
03/06/2024,18.7,Local,200.0,2300.0,2000.0
05/06/2024,16.4,Local,300.0,2300.0,1900.0
07/06/2024,14.4,Local,600.0,2500.0,2000.0
08/06/2024,1.4,Local,200.0,2160.0,2000.0
10/06/2024,7.9,Local,800.0,3310.0,3000.0
12/06/2024,16.4,Local,900.0,3300.0,3000.0
13/06/2024,1.6,Local,1300.0,3000.0,3000.0
14/06/2024,15.1,Local,850.0,3230.0,3100.0
15/06/2024,0.9,Local,1500.0,2800.0,2410.0
17/06/2024,26.9,Local,600.0,3300.0,2750.0
19/06/2024,12.6,Local,400.0,3100.0,2800.0
20/06/2024,3.3,Local,2500.0,3100.0,2500.0
21/06/2024,13.9,Local,1300.0,3100.0,3000.0
24/06/2024,22.5,Local,700.0,3000.0,2800.0
26/06/2024,18.8,Local,600.0,3000.0,2800.0
28/06/2024,11.4,Local,600.0,3000.0,2770.0
29/06/2024,0.5,Local,1800.0,3000.0,2500.0
30/06/2024,0.2,Local,650.0,1500.0,1500.0
"Market Name : Mankameshwr Fpc Sanchalit Mankameshwar Khajagi Krushi Utpanna Bajar Ltd, Nifad Nashik"
01/06/2024,129.39,Other,1000.0,2452.0,1877.74
06/06/2024,44.1,Other,900.0,2500.0,2260.41
07/06/2024,58.16,Other,900.0,2751.0,2141.0
08/06/2024,49.48,Other,1200.0,2750.0,2525.0
10/06/2024,62.4,Other,1100.0,2801.0,2548.0
11/06/2024,110.0,Other,1101.0,2851.0,2337.0
12/06/2024,104.7,Other,1025.0,2651.0,2468.0
13/06/2024,73.61,Other,868.0,2501.0,2268.0
14/06/2024,38.39,Other,1500.0,2800.0,2565.0
15/06/2024,34.87,Other,1000.0,2751.0,2456.0
19/06/2024,85.84,Other,1600.0,3550.0,3338.59
20/06/2024,134.63,Other,1500.0,3511.0,3320.41
21/06/2024,106.73,Other,1805.0,3371.0,3051.0
22/06/2024,111.91,Other,1700.0,3450.0,3079.16
24/06/2024,98.02,Other,1800.0,3500.0,2938.0
25/06/2024,96.11,Other,1300.0,3505.0,2936.0
26/06/2024,81.32,Other,1201.0,2900.0,2811.21
27/06/2024,52.38,Other,1300.0,2901.0,2772.16
Market Name : Manmad APMC
01/06/2024,40.0,Other,451.0,1941.0,1500.0
03/06/2024,109.7,Other,500.0,2060.0,1740.0
04/06/2024,89.7,Other,600.0,2122.0,1750.0
05/06/2024,84.2,Other,716.0,2251.0,1850.0
06/06/2024,98.7,Other,560.0,2401.0,2000.0
07/06/2024,144.2,Other,651.0,2370.0,2060.0
08/06/2024,59.5,Other,1050.0,2450.0,2200.0
10/06/2024,112.0,Other,1050.0,2492.0,2200.0
11/06/2024,109.6,Other,1001.0,2560.0,2250.0
12/06/2024,160.0,Other,1075.0,2432.0,2200.0
13/06/2024,100.0,Other,602.0,2500.0,2200.0
14/06/2024,120.0,Other,1122.0,2550.0,2250.0
15/06/2024,70.0,Other,841.0,2619.0,2350.0
18/06/2024,12.6,Other,1130.0,2900.0,2650.0
19/06/2024,150.0,Other,1180.0,3050.0,2750.0
21/06/2024,210.0,Other,965.0,3164.0,2800.0
22/06/2024,90.0,Other,1200.0,3090.0,2800.0
24/06/2024,110.0,Other,975.0,3100.0,2850.0
25/06/2024,160.0,Other,1200.0,3151.0,2900.0
26/06/2024,200.0,Other,801.0,3051.0,2700.0
27/06/2024,160.5,Other,890.0,3131.0,2750.0
28/06/2024,130.0,Other,771.0,3058.0,2700.0
29/06/2024,56.8,Other,1366.0,2955.0,2700.0
Market Name : Mumbai-Onion & Potato Market APMC
01/06/2024,1229.3,Other,1700.0,2500.0,2100.0
03/06/2024,1244.5,Other,1700.0,2500.0,2100.0
04/06/2024,671.8,Other,1700.0,2600.0,2150.0
05/06/2024,1022.2,Other,1600.0,2500.0,2050.0
06/06/2024,720.7,Other,1600.0,2600.0,2100.0
07/06/2024,1324.0,Other,2000.0,2900.0,2450.0
10/06/2024,2003.2,Other,2400.0,3200.0,2800.0
11/06/2024,1239.1,Other,2300.0,3000.0,2650.0
13/06/2024,860.8,Other,2100.0,2900.0,2500.0
18/06/2024,1255.3,Other,2300.0,3100.0,2700.0
19/06/2024,1079.7,Other,2500.0,3300.0,2900.0
24/06/2024,950.6,Other,2300.0,3000.0,2650.0
26/06/2024,772.4,Other,2400.0,3100.0,2750.0
27/06/2024,681.8,Other,2500.0,3200.0,2850.0
28/06/2024,575.2,Other,2400.0,3100.0,2750.0
29/06/2024,828.0,Other,2400.0,3100.0,2750.0
Market Name : Nagpur APMC
01/06/2024,252.0,White,1600.0,2000.0,1900.0
,,Red,1500.0,2000.0,1875.0
03/06/2024,392.0,Red,1500.0,2000.0,1875.0
,,White,1600.0,2000.0,1900.0
06/06/2024,325.0,White,2000.0,2400.0,2300.0
,,Red,1800.0,2400.0,2250.0
08/06/2024,138.0,Red,2000.0,3000.0,2750.0
10/06/2024,328.0,Red,2500.0,3500.0,3250.0
11/06/2024,650.0,Red,2500.0,3200.0,3025.0
,,White,2700.0,3300.0,3150.0
12/06/2024,630.0,White,2700.0,3100.0,3000.0
,,Red,2500.0,3000.0,2875.0
15/06/2024,168.0,White,2700.0,3100.0,3000.0
,,Red,2500.0,3000.0,2875.0
18/06/2024,108.0,Red,2500.0,3000.0,2875.0
19/06/2024,378.0,White,2700.0,3100.0,3000.0
,,Red,2500.0,3000.0,2875.0
20/06/2024,504.0,Red,2500.0,3300.0,3100.0
,,White,2700.0,3300.0,3150.0
22/06/2024,210.0,Red,2500.0,3300.0,3100.0
,,White,2700.0,3300.0,3150.0
24/06/2024,280.0,White,2700.0,3300.0,3150.0
,,Red,2500.0,3300.0,3100.0
25/06/2024,252.0,White,2700.0,3300.0,3150.0
,,Red,2500.0,3300.0,3100.0
26/06/2024,336.0,Red,2500.0,3200.0,3025.0
,,White,2700.0,3300.0,3150.0
27/06/2024,335.0,Red,2500.0,3200.0,3025.0
,,White,2700.0,3300.0,3150.0
Market Name : Nampur APMC
03/06/2024,468.0,Other,500.0,2600.0,1900.0
05/06/2024,303.0,Other,700.0,2300.0,2000.0
06/06/2024,430.5,Other,400.0,2500.0,2150.0
07/06/2024,459.0,Other,500.0,3100.0,2100.0
10/06/2024,652.5,Other,500.0,3131.0,2450.0
11/06/2024,489.0,Other,500.0,2510.0,2250.0
20/06/2024,474.0,Other,700.0,3500.0,3000.0
27/06/2024,448.5,Other,680.0,3500.0,2750.0
28/06/2024,352.5,Other,805.0,3405.0,2950.0
Market Name : Nandgaon APMC
03/06/2024,490.6,Other,201.0,2200.0,1950.0
04/06/2024,295.4,Other,451.0,2155.0,1950.0
05/06/2024,377.2,Other,400.0,2500.0,1950.0
07/06/2024,667.8,Other,400.0,2460.0,2150.0
10/06/2024,582.2,Other,250.0,2750.0,2450.0
11/06/2024,313.5,Other,500.0,2575.0,2250.0
14/06/2024,324.0,Other,501.0,2600.0,2450.0
Market Name : Nandura APMC
11/06/2024,3.5,Other,350.0,825.0,825.0
Market Name : Nasik APMC
01/06/2024,502.5,Other,900.0,2509.0,1650.0
03/06/2024,577.7,Other,900.0,2301.0,1700.0
04/06/2024,200.6,Other,800.0,2401.0,1800.0
05/06/2024,300.1,Other,900.0,2701.0,1950.0
06/06/2024,303.8,Other,1000.0,3001.0,2000.0
07/06/2024,256.5,Other,1050.0,3011.0,2050.0
08/06/2024,277.1,Other,1100.0,3301.0,2300.0
10/06/2024,451.5,Other,1200.0,3500.0,2600.0
11/06/2024,426.3,Other,1000.0,2951.0,2150.0
12/06/2024,437.1,Other,1000.0,2801.0,2150.0
13/06/2024,314.0,Other,1000.0,2851.0,2250.0
14/06/2024,238.0,Other,1100.0,2901.0,2350.0
15/06/2024,272.8,Other,1200.0,2951.0,2500.0
17/06/2024,196.5,Other,1100.0,3001.0,2500.0
19/06/2024,269.1,Other,1400.0,3351.0,2700.0
21/06/2024,219.2,Other,1100.0,3501.0,2800.0
22/06/2024,277.4,Other,1200.0,3001.0,2600.0
24/06/2024,251.0,Other,1100.0,3100.0,2750.0
25/06/2024,237.5,Other,800.0,3150.0,2700.0
26/06/2024,193.5,Other,800.0,3000.0,2600.0
27/06/2024,196.1,Other,900.0,3100.0,2700.0
28/06/2024,188.5,Other,800.0,3000.0,2650.0
29/06/2024,163.0,Other,700.0,3100.0,2600.0
Market Name : Newasa(Ghodegaon) APMC
01/06/2024,3153.9,Other,300.0,2500.0,1400.0
03/06/2024,2141.6,Other,300.0,2400.0,1300.0
05/06/2024,2216.9,Other,300.0,2600.0,1500.0
08/06/2024,2603.6,Other,500.0,3300.0,2400.0
10/06/2024,3452.9,Other,300.0,3000.0,2200.0
12/06/2024,4350.8,Other,500.0,2600.0,2000.0
15/06/2024,2959.3,Other,500.0,3000.0,2500.0
17/06/2024,3014.5,Other,500.0,3000.0,2500.0
19/06/2024,3483.1,Other,800.0,3200.0,2500.0
22/06/2024,4058.0,Other,500.0,3100.0,2500.0
26/06/2024,3137.9,Other,500.0,3000.0,2500.0
29/06/2024,2547.9,Other,500.0,3000.0,2500.0
"Market Name : Omchatinya Multi State Agro Purpose Co-Op Society, Dist Ahilyanagar"
07/06/2024,23.01,Other,300.0,2800.0,2150.0
14/06/2024,123.09,Other,500.0,3200.0,2100.0
16/06/2024,112.59,Other,500.0,3200.0,2250.0
18/06/2024,107.01,Other,500.0,3650.0,2650.0
21/06/2024,306.43,Other,500.0,3700.0,2600.0
23/06/2024,331.06,Other,500.0,3600.0,2500.0
25/06/2024,279.42,Other,500.0,3100.0,2550.0
28/06/2024,282.35,Other,500.0,3000.0,2500.0
30/06/2024,191.64,Other,500.0,3200.0,2600.0
Market Name : Paithan APMC
07/06/2024,94.8,Other,300.0,2800.0,2100.0
09/06/2024,146.3,Other,500.0,3900.0,2800.0
Market Name : Paranda APMC
01/06/2024,29.9,Other,300.0,1900.0,1200.0
02/06/2024,29.9,Other,500.0,1800.0,1300.0
04/06/2024,4.9,Other,500.0,1500.0,1000.0
06/06/2024,12.2,Other,600.0,2400.0,1000.0
07/06/2024,5.4,Other,600.0,2400.0,1800.0
09/06/2024,6.0,Other,600.0,2300.0,1200.0
10/06/2024,4.5,Other,900.0,3000.0,1400.0
Market Name : Parner APMC
02/06/2024,564.7,Other,500.0,2700.0,1650.0
05/06/2024,329.4,Other,500.0,2800.0,2050.0
07/06/2024,360.1,Other,500.0,3000.0,2200.0
09/06/2024,742.6,Other,1000.0,3500.0,2400.0
12/06/2024,1149.0,Other,700.0,3100.0,2400.0
14/06/2024,431.7,Other,700.0,3100.0,2100.0
16/06/2024,468.4,Other,700.0,3300.0,2125.0
19/06/2024,620.9,Other,1000.0,3500.0,2375.0
21/06/2024,778.2,Other,800.0,3500.0,2600.0
23/06/2024,778.2,Other,1000.0,3500.0,2600.0
26/06/2024,827.0,Other,1000.0,3100.0,2600.0
30/06/2024,526.6,Other,1000.0,3300.0,2500.0
Market Name : Pathardi APMC
02/06/2024,30.0,Red,300.0,2300.0,1500.0
07/06/2024,41.5,Red,500.0,3100.0,2000.0
11/06/2024,73.5,Red,300.0,3100.0,2000.0
14/06/2024,43.7,Red,500.0,2900.0,2000.0
30/06/2024,20.0,Red,500.0,3200.0,2000.0
Market Name : Pen APMC
02/06/2024,27.6,Red,2400.0,2600.0,2400.0
03/06/2024,42.6,Red,2400.0,2600.0,2400.0
14/06/2024,18.9,Red,3800.0,4000.0,3800.0
22/06/2024,25.2,Red,3800.0,4000.0,3800.0
26/06/2024,21.0,Red,4000.0,4200.0,4000.0
Market Name : Phaltan APMC
11/06/2024,155.5,Hybrid,750.0,3500.0,2200.0
Market Name : Pimpalgaon Baswant APMC
01/06/2024,1354.4,Other,400.0,2415.0,2000.0
03/06/2024,1688.6,Other,600.0,2411.0,2100.0
04/06/2024,828.2,Other,600.0,2461.0,2051.0
05/06/2024,1107.5,Other,800.0,2555.0,2225.0
06/06/2024,1372.5,Other,800.0,2714.0,2351.0
07/06/2024,1267.5,Other,800.0,2891.0,2451.0
08/06/2024,738.7,Other,700.0,2970.0,2550.0
10/06/2024,1841.5,Other,1000.0,3160.0,2650.0
11/06/2024,1977.9,Other,700.0,2916.0,2500.0
12/06/2024,1620.0,Other,800.0,2835.0,2400.0
13/06/2024,1440.0,Other,700.0,2907.0,2500.0
14/06/2024,1260.0,Other,700.0,3053.0,2625.0
15/06/2024,1200.0,Other,700.0,3071.0,2700.0
17/06/2024,1080.0,Other,1000.0,3071.0,2750.0
18/06/2024,1710.0,Other,1000.0,3200.0,2850.0
19/06/2024,1620.0,Other,1300.0,3412.0,3050.0
20/06/2024,1540.0,Other,1350.0,3500.0,3150.0
21/06/2024,2340.0,Other,700.0,3500.0,3100.0
22/06/2024,1970.0,Other,700.0,3503.0,3050.0
24/06/2024,1800.0,Other,1100.0,3586.0,3250.0
25/06/2024,1800.0,Other,800.0,3625.0,3250.0
26/06/2024,1980.0,Other,700.0,3605.0,3000.0
27/06/2024,1710.0,Other,700.0,3560.0,2900.0
28/06/2024,1350.0,Other,700.0,3325.0,2850.0
29/06/2024,970.2,Other,800.0,3402.0,3000.0
Market Name : Pimpalgaon Baswant(Saykheda) APMC
01/06/2024,327.3,Other,800.0,2051.0,1825.0
03/06/2024,373.1,Other,1000.0,2152.0,1900.0
04/06/2024,219.1,Other,1000.0,2300.0,2050.0
05/06/2024,314.6,Other,1000.0,2386.0,2025.0
07/06/2024,401.2,Other,1000.0,2700.0,2400.0
08/06/2024,469.6,Other,1000.0,2702.0,2425.0
10/06/2024,639.2,Other,1000.0,2630.0,2275.0
11/06/2024,542.5,Other,800.0,2570.0,2225.0
12/06/2024,515.1,Other,700.0,2689.0,2325.0
13/06/2024,182.0,Other,1200.0,2651.0,2325.0
14/06/2024,385.0,Other,1000.0,2800.0,2500.0
15/06/2024,425.0,Other,1000.0,2800.0,2550.0
17/06/2024,322.0,Other,1000.0,2900.0,2600.0
18/06/2024,474.0,Other,900.0,3001.0,2650.0
19/06/2024,568.0,Other,1000.0,3111.0,2875.0
20/06/2024,210.6,Other,1500.0,3300.0,2900.0
21/06/2024,660.0,Other,1500.0,3200.0,2900.0
22/06/2024,559.0,Other,1590.0,3211.0,2800.0
24/06/2024,489.1,Other,1500.0,3212.0,2950.0
25/06/2024,455.1,Other,1300.0,3151.0,2825.0
26/06/2024,419.0,Other,1000.0,3000.0,2700.0
29/06/2024,166.3,Other,1500.0,3014.0,2840.0
Market Name : Pune APMC
02/06/2024,1174.0,Local,800.0,2400.0,1600.0
03/06/2024,637.2,Local,700.0,2500.0,1600.0
04/06/2024,641.0,Local,700.0,2500.0,1600.0
05/06/2024,496.4,Local,800.0,2600.0,1700.0
06/06/2024,775.4,Local,800.0,2600.0,1700.0
07/06/2024,913.6,Local,800.0,2700.0,1750.0
09/06/2024,1475.1,Local,1000.0,3200.0,2100.0
10/06/2024,1129.3,Local,900.0,3100.0,2000.0
11/06/2024,1500.0,Local,1000.0,3000.0,2000.0
12/06/2024,1112.6,Local,800.0,3000.0,1900.0
13/06/2024,795.2,Local,1000.0,3000.0,2000.0
14/06/2024,1022.7,Local,800.0,3000.0,1900.0
16/06/2024,1172.4,Local,800.0,3000.0,1900.0
17/06/2024,513.5,Local,1000.0,3100.0,2050.0
18/06/2024,786.7,Local,1000.0,3000.0,2000.0
19/06/2024,839.4,Local,1000.0,3000.0,2000.0
20/06/2024,1115.4,Local,1000.0,3200.0,2100.0
21/06/2024,1120.4,Local,800.0,3000.0,1900.0
23/06/2024,1296.5,Local,800.0,3000.0,1900.0
24/06/2024,774.2,Local,1000.0,3000.0,2000.0
25/06/2024,969.0,Local,1000.0,3100.0,2050.0
26/06/2024,826.3,Local,1000.0,3000.0,2000.0
27/06/2024,828.2,Local,1000.0,3000.0,2000.0
28/06/2024,1056.3,Local,1000.0,3000.0,2000.0
30/06/2024,851.5,Local,1000.0,3000.0,2000.0
Market Name : Pune(Khadiki) APMC
01/06/2024,0.5,Local,1200.0,1700.0,1450.0
02/06/2024,2.7,Local,1200.0,1600.0,1500.0
03/06/2024,1.7,Local,1000.0,1700.0,1350.0
05/06/2024,0.5,Local,1400.0,1800.0,1600.0
06/06/2024,2.5,Local,1200.0,1800.0,1500.0
08/06/2024,0.7,Local,1400.0,1800.0,1600.0
09/06/2024,1.7,Local,1500.0,2000.0,1750.0
10/06/2024,1.6,Local,1500.0,2300.0,1900.0
11/06/2024,1.0,Local,1300.0,2500.0,1900.0
12/06/2024,1.4,Local,1600.0,2200.0,1900.0
15/06/2024,1.3,Local,1300.0,2100.0,1700.0
17/06/2024,2.6,Local,1200.0,2200.0,1700.0
18/06/2024,0.7,Local,1500.0,2200.0,1950.0
23/06/2024,2.3,Local,1500.0,2500.0,2100.0
24/06/2024,1.2,Local,1600.0,2400.0,2000.0
25/06/2024,1.6,Local,1500.0,2600.0,2050.0
26/06/2024,2.4,Local,1200.0,2600.0,1900.0
28/06/2024,2.6,Local,1500.0,2300.0,1900.0
30/06/2024,1.4,Local,1500.0,2400.0,1950.0
Market Name : Pune(Manjri) APMC
01/06/2024,10.9,Local,1500.0,2500.0,2200.0
02/06/2024,12.7,Local,1500.0,2500.0,2200.0
03/06/2024,13.8,Local,1500.0,1700.0,1600.0
04/06/2024,7.3,Local,1500.0,2200.0,1700.0
05/06/2024,13.3,Local,1300.0,1700.0,1500.0
06/06/2024,10.2,Local,1500.0,1700.0,1600.0
07/06/2024,8.3,Local,1700.0,2000.0,1800.0
08/06/2024,11.0,Local,1700.0,1900.0,1800.0
09/06/2024,10.1,Local,1700.0,1900.0,1800.0
10/06/2024,9.7,Local,1700.0,2000.0,1800.0
11/06/2024,11.5,Local,1700.0,2100.0,2000.0
12/06/2024,8.8,Local,2000.0,2200.0,2100.0
13/06/2024,9.6,Local,1700.0,2200.0,1900.0
14/06/2024,10.7,Local,1700.0,2200.0,1800.0
15/06/2024,11.5,Local,2200.0,2400.0,2300.0
16/06/2024,3.9,Local,1300.0,2700.0,2000.0
17/06/2024,8.0,Local,2000.0,2600.0,2400.0
18/06/2024,6.9,Local,2000.0,2600.0,2400.0
19/06/2024,6.7,Local,1700.0,2400.0,2000.0
20/06/2024,9.1,Local,2200.0,2600.0,2400.0
21/06/2024,7.0,Local,1700.0,2600.0,2200.0
22/06/2024,6.8,Local,1700.0,2800.0,2200.0
23/06/2024,7.7,Local,1700.0,2600.0,2200.0
24/06/2024,7.6,Local,1700.0,2800.0,2200.0
25/06/2024,8.7,Local,1700.0,2600.0,2200.0
26/06/2024,9.3,Local,2200.0,2600.0,2400.0
27/06/2024,7.6,Local,1700.0,3300.0,2800.0
28/06/2024,6.5,Local,2000.0,2600.0,2400.0
29/06/2024,6.3,Local,2000.0,3300.0,2800.0
30/06/2024,5.1,Local,2000.0,3200.0,2800.0
Market Name : Pune(Moshi) APMC
01/06/2024,77.8,Local,600.0,1800.0,1200.0
02/06/2024,54.1,Local,600.0,2000.0,1300.0
03/06/2024,41.1,Local,1000.0,2000.0,1500.0
04/06/2024,61.5,Local,800.0,2000.0,1400.0
06/06/2024,58.7,Local,800.0,2000.0,1400.0
07/06/2024,38.8,Local,1000.0,2000.0,1500.0
08/06/2024,52.9,Local,1000.0,2000.0,1500.0
09/06/2024,57.1,Local,1200.0,2000.0,1600.0
10/06/2024,82.2,Local,1000.0,2500.0,1750.0
11/06/2024,87.2,Local,1000.0,2200.0,1600.0
13/06/2024,89.6,Local,1200.0,2200.0,1700.0
14/06/2024,68.4,Local,1400.0,2200.0,1800.0
15/06/2024,70.0,Local,1500.0,2200.0,1850.0
16/06/2024,59.5,Local,1200.0,2400.0,1800.0
17/06/2024,46.7,Local,1000.0,2200.0,1600.0
18/06/2024,52.0,Local,1500.0,2000.0,1750.0
20/06/2024,80.1,Local,1500.0,3000.0,2250.0
21/06/2024,61.2,Local,1400.0,2300.0,1850.0
22/06/2024,35.5,Local,1300.0,2500.0,1900.0
23/06/2024,67.3,Local,1000.0,2200.0,1600.0
24/06/2024,38.3,Local,1400.0,2200.0,1800.0
25/06/2024,46.3,Local,1500.0,2500.0,2000.0
27/06/2024,77.1,Local,1200.0,2500.0,1850.0
28/06/2024,70.8,Local,1000.0,3000.0,2000.0
29/06/2024,52.9,Local,1300.0,2500.0,1900.0
30/06/2024,34.3,Local,1400.0,2800.0,2100.0
Market Name : Pune(Pimpri) APMC
01/06/2024,1.2,Local,1000.0,2000.0,1500.0
02/06/2024,1.7,Local,1400.0,2200.0,1800.0
03/06/2024,1.0,Local,1600.0,2400.0,2000.0
04/06/2024,0.3,Local,1500.0,2500.0,2000.0
05/06/2024,1.2,Local,1300.0,2700.0,2000.0
06/06/2024,0.3,Local,1600.0,1600.0,1600.0
07/06/2024,1.8,Local,1000.0,2600.0,1800.0
08/06/2024,0.6,Local,2000.0,2000.0,2000.0
09/06/2024,0.6,Local,2200.0,3000.0,2600.0
10/06/2024,0.9,Local,2000.0,3000.0,2500.0
11/06/2024,0.3,Local,2200.0,3200.0,2700.0
12/06/2024,0.7,Local,2000.0,3200.0,2600.0
13/06/2024,0.5,Local,2000.0,3000.0,2500.0
14/06/2024,0.7,Local,2200.0,2900.0,2550.0
15/06/2024,0.8,Local,2000.0,2800.0,2400.0
16/06/2024,0.6,Local,2700.0,2700.0,2700.0
17/06/2024,0.4,Local,2800.0,3000.0,2900.0
18/06/2024,0.4,Local,1400.0,3000.0,2200.0
19/06/2024,2.3,Local,2000.0,3000.0,2500.0
20/06/2024,1.2,Local,1900.0,2800.0,2350.0
21/06/2024,0.4,Local,1500.0,3000.0,2250.0
22/06/2024,1.3,Local,2500.0,3000.0,2750.0
23/06/2024,1.7,Local,1500.0,3200.0,2350.0
24/06/2024,0.6,Local,2600.0,3000.0,2800.0
25/06/2024,0.4,Local,2500.0,2900.0,2700.0
26/06/2024,1.9,Local,1200.0,3000.0,2100.0
27/06/2024,0.2,Local,2700.0,2900.0,2800.0
28/06/2024,0.8,Local,2500.0,2900.0,2700.0
29/06/2024,0.1,Local,2200.0,2200.0,2200.0
30/06/2024,0.4,Local,2400.0,3000.0,2700.0
Market Name : Rahata APMC
02/06/2024,374.4,Other,400.0,2600.0,1900.0
04/06/2024,360.8,Other,400.0,2700.0,1900.0
07/06/2024,525.1,Other,400.0,3105.0,2200.0
09/06/2024,621.5,Other,700.0,3800.0,2500.0
14/06/2024,694.3,Other,400.0,3100.0,2500.0
16/06/2024,528.8,Other,500.0,3400.0,2400.0
18/06/2024,648.2,Other,500.0,3200.0,2400.0
21/06/2024,823.6,Other,500.0,3500.0,2550.0
23/06/2024,694.6,Other,500.0,3200.0,2550.0
25/06/2024,466.4,Other,500.0,3200.0,2450.0
28/06/2024,593.5,Other,500.0,3200.0,2450.0
30/06/2024,329.2,Other,500.0,3300.0,2550.0
Market Name : Rahuri APMC
07/06/2024,1671.7,Other,100.0,3100.0,2050.0
09/06/2024,1660.2,Other,200.0,3100.0,1650.0
28/06/2024,2093.8,Other,200.0,3300.0,1750.0
Market Name : Rahuri(Vambori) APMC
01/06/2024,511.8,Other,200.0,2400.0,1500.0
03/06/2024,419.8,Other,200.0,2500.0,1500.0
06/06/2024,474.1,Other,200.0,2800.0,1700.0
08/06/2024,448.4,Other,300.0,3200.0,2200.0
10/06/2024,718.6,Other,300.0,3100.0,2000.0
13/06/2024,1066.6,Other,300.0,2900.0,1700.0
15/06/2024,598.3,Other,300.0,3000.0,2100.0
17/06/2024,705.6,Other,200.0,3000.0,2000.0
20/06/2024,917.7,Other,300.0,3200.0,2200.0
22/06/2024,721.3,Other,300.0,3300.0,2200.0
24/06/2024,615.5,Other,300.0,3100.0,2100.0
29/06/2024,466.9,Other,200.0,3100.0,2200.0
Market Name : Ramtek APMC
01/06/2024,1.0,Other,1400.0,2400.0,2200.0
02/06/2024,5.0,Other,1400.0,1600.0,1500.0
04/06/2024,2.4,Other,1400.0,1600.0,1500.0
06/06/2024,5.8,Other,1400.0,1600.0,1500.0
08/06/2024,1.4,Other,1800.0,2000.0,1900.0
09/06/2024,4.0,Other,1800.0,2000.0,1900.0
11/06/2024,2.0,Other,1800.0,2000.0,1900.0
16/06/2024,4.8,Other,1800.0,2000.0,1900.0
18/06/2024,1.0,Other,2800.0,3000.0,2900.0
20/06/2024,4.0,Other,2400.0,2800.0,2600.0
25/06/2024,1.0,Other,4000.0,4200.0,4100.0
26/06/2024,1.0,Other,4000.0,4200.0,4100.0
30/06/2024,4.2,Other,4000.0,4200.0,4100.0
Market Name : SHRI.SIDDHESHWAR  APMC
01/06/2024,1432.9,Red,100.0,3200.0,1600.0
03/06/2024,1169.5,Red,100.0,3200.0,1600.0
04/06/2024,754.4,Red,100.0,3100.0,1600.0
05/06/2024,644.6,Red,100.0,3300.0,1600.0
06/06/2024,805.5,Red,100.0,3500.0,1800.0
07/06/2024,892.6,Red,400.0,3600.0,2100.0
08/06/2024,1140.7,Red,500.0,4500.0,2600.0
10/06/2024,1954.2,Red,500.0,4100.0,2500.0
11/06/2024,2402.7,Red,500.0,3400.0,2400.0
12/06/2024,1735.2,Red,500.0,3100.0,2300.0
13/06/2024,881.9,Red,500.0,3500.0,2400.0
14/06/2024,1279.2,Red,500.0,3500.0,2400.0
15/06/2024,2207.8,Red,500.0,3800.0,2500.0
19/06/2024,1212.4,Red,500.0,3850.0,2700.0
20/06/2024,1038.2,Red,500.0,4000.0,2800.0
21/06/2024,1667.0,Red,400.0,3700.0,2600.0
22/06/2024,2147.1,Red,600.0,3600.0,2500.0
24/06/2024,1180.4,Red,400.0,3600.0,2600.0
25/06/2024,1179.3,Red,500.0,3500.0,2700.0
26/06/2024,1251.7,White,500.0,3700.0,2600.0
27/06/2024,1274.9,Red,500.0,3500.0,2500.0
28/06/2024,1182.0,Red,500.0,3400.0,2400.0
29/06/2024,1001.1,Red,500.0,3500.0,2400.0
Market Name : Sakri APMC
01/06/2024,225.0,Red,1100.0,2100.0,1800.0
03/06/2024,555.0,Red,900.0,2000.0,1825.0
04/06/2024,655.0,Red,1050.0,2300.0,1850.0
05/06/2024,270.0,Red,1425.0,2450.0,2100.0
06/06/2024,160.0,Red,1000.0,2300.0,1900.0
07/06/2024,170.0,Red,1600.0,2700.0,2350.0
08/06/2024,290.0,Red,1550.0,2600.0,2300.0
10/06/2024,175.0,Red,1700.0,2750.0,2450.0
11/06/2024,320.0,Red,1900.0,2600.0,2300.0
12/06/2024,315.0,Red,1600.0,2450.0,2250.0
13/06/2024,220.0,Red,1710.0,2400.0,2250.0
15/06/2024,150.0,Red,1950.0,2650.0,2450.0
18/06/2024,245.0,Red,1950.0,2900.0,2525.0
19/06/2024,280.0,Red,1950.0,3050.0,2750.0
20/06/2024,280.0,Red,2100.0,3100.0,2750.0
21/06/2024,605.0,Red,1800.0,3150.0,2825.0
22/06/2024,380.0,Red,1900.0,2950.0,2750.0
24/06/2024,675.0,Red,1850.0,2950.0,2650.0
25/06/2024,770.0,Red,1600.0,2855.0,2625.0
26/06/2024,490.0,Red,2005.0,2950.0,2750.0
27/06/2024,414.0,Red,2305.0,2800.0,2655.0
28/06/2024,420.0,Red,1900.0,2850.0,2700.0
29/06/2024,420.0,Red,1800.0,2800.0,2750.0
Market Name : Sangamner APMC
03/06/2024,478.3,Other,300.0,2501.0,1400.0
04/06/2024,278.7,Other,200.0,2600.0,1400.0
05/06/2024,214.3,Other,300.0,2725.0,1512.0
06/06/2024,318.7,Other,500.0,2811.0,1655.0
07/06/2024,317.8,Other,300.0,2951.0,1625.0
10/06/2024,452.3,Other,400.0,3500.0,1950.0
11/06/2024,422.7,Other,500.0,3100.0,1800.0
12/06/2024,324.3,Other,500.0,3200.0,1850.0
13/06/2024,361.3,Other,400.0,2800.0,1600.0
14/06/2024,318.3,Other,400.0,2800.0,1600.0
17/06/2024,177.4,Other,300.0,3333.0,1816.0
18/06/2024,199.0,Other,500.0,3301.0,1900.0
19/06/2024,239.5,Other,500.0,3611.0,2055.0
20/06/2024,259.0,Other,500.0,3500.0,2000.0
21/06/2024,449.1,Other,400.0,3451.0,1925.0
24/06/2024,339.9,Other,500.0,3333.0,1917.0
25/06/2024,355.2,Other,400.0,3211.0,1806.0
26/06/2024,271.5,Other,400.0,3211.0,1806.0
27/06/2024,246.0,Other,400.0,3221.0,1811.0
28/06/2024,356.1,Other,500.0,3300.0,1900.0
"Market Name : Sangli(Phale, Bhajipala Market) APMC"
01/06/2024,358.2,Local,700.0,2700.0,1700.0
03/06/2024,360.9,Local,700.0,2500.0,1600.0
04/06/2024,177.1,Local,700.0,2700.0,1700.0
05/06/2024,213.1,Local,1000.0,2600.0,1800.0
06/06/2024,130.6,Local,800.0,2800.0,1800.0
07/06/2024,157.0,Local,1000.0,3150.0,2075.0
08/06/2024,343.9,Local,1000.0,3200.0,2100.0
11/06/2024,288.5,Local,1200.0,3200.0,2200.0
12/06/2024,524.5,Local,1000.0,3000.0,2000.0
13/06/2024,226.9,Local,900.0,2800.0,1850.0
14/06/2024,250.0,Local,900.0,2800.0,1850.0
15/06/2024,353.2,Local,1000.0,3200.0,2100.0
19/06/2024,273.0,Local,1000.0,3200.0,2100.0
21/06/2024,214.0,Local,1000.0,3250.0,2100.0
24/06/2024,300.0,Local,1000.0,3000.0,2000.0
25/06/2024,162.5,Local,1000.0,3000.0,2000.0
29/06/2024,270.5,Local,1000.0,3000.0,2000.0
Market Name : Satana APMC
03/06/2024,1556.5,Other,200.0,2260.0,1905.0
04/06/2024,1058.0,Other,555.0,2280.0,1950.0
05/06/2024,947.5,Other,420.0,2395.0,2040.0
06/06/2024,1062.5,Other,500.0,2500.0,2225.0
07/06/2024,1135.0,Other,600.0,2580.0,2315.0
10/06/2024,1513.0,Other,1090.0,2760.0,2440.0
11/06/2024,1372.5,Other,500.0,2600.0,2335.0
12/06/2024,1440.0,Other,475.0,2655.0,2355.0
14/06/2024,1168.5,Other,500.0,2655.0,2385.0
18/06/2024,1265.0,Other,1000.0,2990.0,2765.0
19/06/2024,1221.0,Other,1005.0,3090.0,2895.0
20/06/2024,1105.0,Other,1000.0,3160.0,2905.0
21/06/2024,1565.0,Other,1010.0,3300.0,2995.0
24/06/2024,1498.0,Other,820.0,3220.0,2950.0
27/06/2024,1238.5,Other,650.0,3020.0,2810.0
28/06/2024,985.0,Other,905.0,3175.0,2895.0
Market Name : Satara APMC
01/06/2024,54.6,Other,2000.0,2500.0,2250.0
02/06/2024,17.5,Other,2000.0,2500.0,2250.0
03/06/2024,21.9,Other,2000.0,2500.0,2250.0
04/06/2024,21.6,Other,2000.0,2500.0,2250.0
05/06/2024,6.0,Other,2000.0,2500.0,2250.0
06/06/2024,18.2,Other,2000.0,2500.0,2250.0
08/06/2024,24.4,Other,2000.0,2500.0,2250.0
09/06/2024,19.5,Other,2500.0,3200.0,2800.0
10/06/2024,34.5,Other,1000.0,3200.0,2100.0
11/06/2024,23.5,Other,1000.0,3200.0,2100.0
12/06/2024,27.8,Other,2000.0,3200.0,2600.0
13/06/2024,31.0,Other,1000.0,3200.0,2100.0
16/06/2024,44.3,Other,2500.0,3000.0,2750.0
18/06/2024,10.5,Other,2500.0,3000.0,2750.0
19/06/2024,13.9,Other,2500.0,3000.0,2750.0
20/06/2024,23.5,Other,2500.0,3000.0,2750.0
23/06/2024,17.5,Other,2500.0,3000.0,2750.0
24/06/2024,27.6,Other,2000.0,3000.0,2500.0
25/06/2024,5.8,Other,2500.0,3000.0,2750.0
26/06/2024,9.1,Other,2500.0,3000.0,2750.0
27/06/2024,19.1,Other,2500.0,3000.0,2750.0
30/06/2024,36.4,Other,2500.0,3000.0,2750.0
Market Name : Shevgaon APMC
01/06/2024,2498.000001,1st Sort,1600.0,2600.0,1600.0
,,2nd Sort,1000.0,1500.0,1500.0
,,Other,200.0,1000.0,1000.0
03/06/2024,3000.0,2nd Sort,1100.0,1600.0,1600.0
,,1st Sort,1700.0,2500.0,1700.0
,,Other,200.0,1000.0,1000.0
08/06/2024,2409.999999,1st Sort,2300.0,4000.0,2300.0
,,2nd Sort,1500.0,2200.0,2200.0
,,Other,500.0,1700.0,1700.0
17/06/2024,3030.0,Other,500.0,1000.0,1000.0
,,1st Sort,2100.0,3200.0,2100.0
,,2nd Sort,1100.0,2000.0,2000.0
22/06/2024,4209.999999,Other,500.0,1700.0,1700.0
,,2nd Sort,1800.0,2500.0,2500.0
,,1st Sort,2600.0,3200.0,2600.0
24/06/2024,2585.000001,1st Sort,2500.0,3100.0,2500.0
,,Other,600.0,1400.0,1400.0
,,2nd Sort,1600.0,2400.0,2400.0
29/06/2024,51.8,1st Sort,700.0,3100.0,2300.0
Market Name : Shirpur APMC
01/06/2024,37.0,Red,225.0,2300.0,1725.0
05/06/2024,16.3,Red,700.0,3000.0,2500.0
08/06/2024,38.3,Red,325.0,2775.0,2050.0
29/06/2024,15.9,Red,1100.0,2600.0,1975.0
"Market Name : Shivsiddha Govind Producer Company Ltd Sanchalit Khajgi Krush Utpann Bajar, Samati-Nashik"
01/06/2024,1429.36,Local,1800.0,2400.0,2100.0
03/06/2024,1429.29,Local,1800.0,2400.0,2100.0
04/06/2024,541.32,Local,1800.0,2500.0,2150.0
05/06/2024,899.51,Local,1900.0,2600.0,2300.0
06/06/2024,1223.93,Local,2000.0,2715.0,2350.0
08/06/2024,1436.9,Local,2200.0,3000.0,2750.0
10/06/2024,1923.14,Local,2300.0,3010.0,2700.0
11/06/2024,1670.87,Local,2200.0,2800.0,2500.0
12/06/2024,866.11,Local,2100.0,2800.0,2500.0
13/06/2024,1028.26,Local,2100.0,3000.0,2650.0
15/06/2024,1211.08,Local,2500.0,3100.0,2800.0
18/06/2024,1203.05,Local,2700.0,3305.0,3050.0
19/06/2024,1051.86,Local,2800.0,3405.0,3100.0
20/06/2024,1591.32,Local,2900.0,3530.0,3100.0
22/06/2024,1564.33,Local,2700.0,3351.0,2950.0
24/06/2024,984.4,Local,2800.0,3400.0,3000.0
25/06/2024,993.93,Local,2900.0,3405.0,3100.0
26/06/2024,727.9,Local,2700.0,3400.0,3000.0
27/06/2024,766.41,Local,2750.0,3400.0,3050.0
29/06/2024,620.58,Local,2700.0,3400.0,3000.0
"Market Name : Shree Sairaj Krushi Market, Dist Ahilyanagar"
26/06/2024,39.79,Local,900.0,3250.0,2075.0
29/06/2024,20.72,Local,500.0,3200.0,1850.0
"Market Name : Shri Rameshwar Krushi Market, M.Nagar, Tal Deola, Dist Nashik"
03/06/2024,1597.77,Other,500.0,2323.0,1749.58
06/06/2024,1323.94,Other,300.0,2655.0,2200.0
07/06/2024,1846.29,Other,500.0,2651.0,2127.58
11/06/2024,1948.05,Other,500.0,2800.0,2085.04
13/06/2024,1230.69,Other,500.0,2700.0,2111.76
19/06/2024,1764.19,Other,300.0,3200.0,2800.0
20/06/2024,1646.56,Other,500.0,3352.0,2900.0
21/06/2024,1983.5,Other,400.0,3401.0,2850.0
24/06/2024,2126.8,Other,500.0,3501.0,2800.0
25/06/2024,1673.58,Other,500.0,3400.0,2750.0
26/06/2024,1479.13,Other,855.0,3222.0,2750.0
27/06/2024,1252.63,Other,100.0,3333.0,2730.0
Market Name : Shrigonda APMC
03/06/2024,3.4,Other,300.0,1800.0,1000.0
05/06/2024,3.1,Other,200.0,2150.0,1500.0
Market Name : Shrirampur APMC
03/06/2024,1017.7,Other,300.0,2500.0,2100.0
04/06/2024,113.1,Other,900.0,2160.0,1750.0
05/06/2024,733.7,Other,800.0,2700.0,2100.0
10/06/2024,1676.7,Other,1200.0,3000.0,2100.0
Market Name : Sinner APMC
03/06/2024,153.3,Other,500.0,2240.0,2100.0
04/06/2024,29.2,Other,500.0,2400.0,2100.0
05/06/2024,104.2,Other,500.0,2372.0,2100.0
06/06/2024,127.0,Other,500.0,2488.0,2400.0
07/06/2024,161.3,Other,500.0,2664.0,2550.0
10/06/2024,203.8,Other,500.0,2951.0,2650.0
11/06/2024,219.3,Other,500.0,3100.0,2400.0
12/06/2024,148.6,Other,500.0,2667.0,2450.0
14/06/2024,147.4,Other,500.0,2666.0,2450.0
18/06/2024,152.0,Other,500.0,2875.0,2700.0
21/06/2024,190.9,Other,500.0,3011.0,2850.0
24/06/2024,134.2,Other,500.0,3050.0,2800.0
25/06/2024,75.0,Other,500.0,2981.0,2800.0
26/06/2024,86.0,Other,500.0,2887.0,2700.0
27/06/2024,89.3,Other,500.0,2941.0,2800.0
28/06/2024,117.5,Other,500.0,2934.0,2800.0
Market Name : Vadgaonpeth APMC
05/06/2024,19.0,Local,1800.0,2300.0,2200.0
06/06/2024,11.0,Local,1800.0,2400.0,2100.0
07/06/2024,8.0,Local,1900.0,2300.0,2000.0
08/06/2024,56.0,Local,2300.0,3200.0,2500.0
11/06/2024,60.0,Local,2500.0,2800.0,2700.0
12/06/2024,70.0,Local,2300.0,2800.0,2600.0
13/06/2024,32.0,Local,2800.0,3500.0,3000.0
15/06/2024,12.0,Local,2900.0,3300.0,3000.0
19/06/2024,16.5,Local,2900.0,3300.0,3000.0
21/06/2024,8.5,Local,2800.0,3200.0,3000.0
22/06/2024,7.0,Local,2800.0,3500.0,3000.0
29/06/2024,10.0,Local,2600.0,3200.0,2800.0
30/06/2024,14.0,Local,2600.0,3100.0,2700.0
Market Name : Vai APMC
02/06/2024,2.0,Local,1000.0,2500.0,1800.0
03/06/2024,40.0,Local,1200.0,2800.0,2200.0
04/06/2024,1.5,Local,1000.0,2800.0,1900.0
07/06/2024,2.0,Local,1000.0,2700.0,2000.0
09/06/2024,1.5,Local,1000.0,2500.0,1800.0
10/06/2024,30.0,Local,1300.0,3000.0,2400.0
11/06/2024,1.5,Local,1300.0,3000.0,2200.0
14/06/2024,2.0,Local,1500.0,30000.0,2500.0
15/06/2024,1.8,Local,1200.0,3000.0,2300.0
18/06/2024,2.5,Local,1500.0,3500.0,2500.0
21/06/2024,1.2,Local,1500.0,3200.0,2600.0
23/06/2024,2.0,Local,1500.0,3200.0,2700.0
28/06/2024,1.5,Local,1500.0,3000.0,2500.0
29/06/2024,1.5,Local,2000.0,3200.0,2600.0
30/06/2024,1.5,Local,1500.0,3000.0,2400.0
Market Name : Vaijpur APMC
01/06/2024,581.1,Other,700.0,2500.0,1800.0
02/06/2024,579.2,Other,900.0,2120.0,1700.0
03/06/2024,105.7,Other,600.0,2500.0,1400.0
04/06/2024,461.6,Other,1000.0,2155.0,1800.0
05/06/2024,509.2,Other,1000.0,2300.0,2000.0
06/06/2024,654.9,Other,1200.0,2700.0,2200.0
07/06/2024,793.0,Other,1200.0,2515.0,2250.0
08/06/2024,876.1,Other,1000.0,3000.0,2450.0
09/06/2024,847.5,Other,1500.0,2700.0,2500.0
10/06/2024,193.2,Other,1200.0,3100.0,2450.0
11/06/2024,677.0,Other,1300.0,2600.0,2400.0
13/06/2024,411.4,Other,1000.0,2800.0,2300.0
24/06/2024,105.7,Other,800.0,3100.0,2400.0
30/06/2024,494.3,Other,1700.0,3101.0,2900.0
Market Name : Vita APMC
01/06/2024,4.0,Other,2000.0,2500.0,2350.0
03/06/2024,4.0,Other,1700.0,2500.0,2000.0
13/06/2024,4.0,Other,2500.0,2800.0,2650.0
20/06/2024,4.0,Other,2500.0,3000.0,2750.0
29/06/2024,4.0,Other,2500.0,3000.0,2750.0
Market Name : Yeola APMC
01/06/2024,460.6,Other,700.0,2049.0,1750.0
03/06/2024,592.6,Other,800.0,2118.0,1800.0
05/06/2024,436.8,Other,900.0,2300.0,1900.0
06/06/2024,482.4,Other,1100.0,2400.0,2100.0
07/06/2024,691.2,Other,800.0,2500.0,2250.0
08/06/2024,891.8,Other,1000.0,2637.0,2400.0
10/06/2024,1111.3,Other,1100.0,2691.0,2350.0
12/06/2024,900.0,Other,500.0,2570.0,2250.0
13/06/2024,500.0,Other,900.0,2622.0,2350.0
14/06/2024,500.0,Other,1100.0,2800.0,2450.0
19/06/2024,1000.0,Other,1300.0,3075.0,2700.0
20/06/2024,800.0,Other,1000.0,3161.0,2800.0
21/06/2024,900.0,Other,1000.0,3111.0,2700.0
22/06/2024,900.0,Other,800.0,3000.0,2650.0
24/06/2024,750.0,Other,1300.0,3051.0,2750.0
26/06/2024,700.0,Other,600.0,2915.0,2600.0
27/06/2024,500.0,Other,1300.0,2865.0,2550.0
28/06/2024,400.0,Other,1200.0,2951.0,2650.0
29/06/2024,246.2,Other,800.0,2975.0,2700.0
